label,input
cervical spondylosis,I've been having a lot of pain in my neck and back. I've also been having trouble with my balance and coordination. I've been coughing a lot and my limbs feel weak.
impetigo,"I have a rash on my face that is getting worse. It is red, inflamed, and has blisters that are bleeding clear pus. It is really painful."
urinary tract infection,I have been urinating blood. I sometimes feel sick to my stomach when I urinate. I often feel like I have a fever.
arthritis,I have been having trouble with my muscles and joints. My neck is really tight and my muscles feel weak. I have swollen joints and it is hard to move around without becoming stiff. It is also really uncomfortable to walk.
dengue,I have been feeling really sick. My body hurts a lot and I have no appetite. I have also developed rashes on my arms and face. The back of my eyes hurt a lot.
common cold,I've been feeling really run down and weak. My throat is sore and I've been coughing a lot. I've also been having chills and a fever.
dengue,"I have rashes all over my body. I also have a high fever, chills, headache, body aches, and pain behind my eyes."
dengue,"I have been feeling nauseous and have a constant urge to vomit, which is accompanied with mild fever and headache. I also feel very weak and tired. "
impetigo,"I have a rash around my nose that is red and inflamed. The rash has caused my skin to become dry and flaky, and there is a yellow colored fluid coming out of the sores."
drug reaction,I have a rash on my chest and back and it itches. I also have dry skin that sometimes flakes and leaves marks on my body.
arthritis,I've been experiencing stiffness in my neck and my joints have swollen. I've also been experiencing pain when I walk.
cervical spondylosis,I have been having a lot of pain in my back and neck. I also have a cough that won't go away and I feel weak and dizzy.
cervical spondylosis,"I have been having back pain, a cough, and weakness in my limbs. My neck is sore and I have been dizzy and have had trouble keeping my balance."
urinary tract infection,I have been vomiting and having pelvic pain. My pee sometimes has blood in it and it sometimes smells really bad. I sometimes have trouble falling asleep because of my migraines.
fungal infection,I have a rash on my skin that is itchy and has a different color than the rest of my skin. I also have some firm pimples or breakouts on my skin.
malaria,"I've been really itchy all over my body, and I've been getting chills and vomiting. My fever is really high, and I've been sweating a lot. I also have a headache, and I feel nauseous. My muscles are really sore."
allergy,"I'm always tired, and my mouth tastes terrible. My throat itches, and my muscles burn and ache. Sometimes I have cramps all over my body."
bronchial asthma,"I've been having a hard time breathing lately. I feel like I can't get enough air, and my chest feels tight. I've also been coughing a lot, and I've been producing a lot of mucus."
varicose veins,I have varicose veins in my legs. They are swollen and painful.
common cold,I've been feeling really sick. I've been really tired and I just don't feel good. I've had a bad cough and my throat is really sore. My nose is really congested and I have a lot of sinus pressure. I just feel really run down and miserable.
dengue,"I have a rash all over my body that is really itchy. I also have a fever, body aches, headache, and chills."
migraine,"I have been having headaches for a while now. They are very painful and last for a long time. I also get nausea, vomiting, and sensitivity to light and sound."
drug reaction,I have been having headaches and migraines. I have been having difficulty sleeping. I have been having muscle twitching and tremors. Sometimes I get lightheaded. I think it might be a reaction to my medication.
hypertension,"I've been having headaches, chest pain, dizziness, and trouble concentrating. I've also noticed that my balance has been off."
bronchial asthma,"I have a cough that has been going on for a few days, and I feel really weak and tired. I have a high fever, and my breathing is getting harder. I also cough up a lot of mucus."
urinary tract infection,"I've been having a lot of trouble urinating. I feel like I have to go all the time, and when I do, it hurts. My urine is also cloudy and has a strong smell."
varicose veins,I have a lot of varicose veins on my legs and they are really painful. I also get cramps in my legs a lot.
gastroesophageal reflux disease,"I have heartburn and indigestion. I vomit everything I eat. Food gets stuck in my throat, making it difficult for me to swallow. I have a pain in my upper abdomen."
malaria,"I've been feeling really hot and sweaty, and I've been throwing up. I've also been shivering and my skin is really itchy. I have a headache and my muscles hurt."
urinary tract infection,"I have a strong urge to urinate frequently, especially at night. My urine is cloudy and has a strong odor. I also have a fever."
impetigo,I have a fever and feel weak. I have sores on my face that are itchy and uncomfortable. The sores sometimes ooze a yellow fluid.
pneumonia,"I've been feeling really sick lately. I've been getting chills and I'm always tired. I have this cough that just won't go away. It's really hard to breathe when I cough and my chest hurts. I've also been coughing up this really gross, rusty phlegm."
psoriasis,I've noticed that my skin is more sensitive now than it used to be. It's red and itchy. I have silvery scales on my back and elbows.
hypertension,"I've been having chest pains, headaches, and I've been feeling dizzy."
impetigo,I have a rash on my face and neck. It's red and blistery. I'm worried about it.
diabetes,"I'm shaking and trembling all over. I've lost my sense of taste and smell, and I'm exhausted. I occasionally get palpitations or a racing heart."
pneumonia,I'm having trouble breathing and have a fever. I'm sweating a lot and feel really tired and cold. My heart is racing and I'm coughing up some brown mucus.
dengue,I have been experiencing severe joint pain and I am unable to move. I have also lost my appetite and feel weak.
diabetes,I've been feeling really thirsty and hungry lately. I also get really tired sometimes.
bronchial asthma,"I've been having trouble breathing, coughing, and feeling exhausted. I've been coughing up a lot of thick, mucusy stuff and have a fever. I'm just feeling really drained and tired."
malaria,"I have a fever, vomiting, chills, and severe itching. I've also been sweating a lot and have a headache. I've also been feeling nauseous and my muscles ache."
migraine,"I have been experiencing headaches, blurred and distorted vision, excessive hunger, a stiff neck, depression, irritability, and visual disturbance."
common cold,"I've been coughing and sneezing for days. My nose is stuffy, and my face hurts. I've been coughing up phlegm, and it hurts in my chest. I can't smell anything, and my muscles hurt."
drug reaction,"I've noticed a change in my monthly cycle and an unexpected vaginal discharge. I get irritable every now and again, and my moods swing a lot."
jaundice,"I've been feeling really itchy all over, and I've been throwing up. I've also lost a lot of weight, and I'm always tired. My skin and my pee are both yellow, and my stomach hurts."
allergy,"I have stomach cramps, nausea and diarrhea. My throat is swollen, and I have difficulty breathing. Sometimes at night I get chest pain and nauseous."
psoriasis,"I've been having trouble sleeping because of the rash. It's itchy and painful. I've also noticed that my nails have little dents in them, which is really alarming. And my joints are sore every day, and I don't know why."
impetigo,I've been having a fever for a few days and I have sores around my nose and rashes on my body. The sores are really bad and I'm feeling really sick.
chicken pox,I have red spots on my arms and legs that are really itchy. I can't sleep at night because of the itching. I also have a headache and a fever.
diabetes,"I've been feeling very thirsty lately, and I've been getting hungry more often. I've also been feeling very tired."
migraine,I have been having frequent headaches and blurred vision.
gastroesophageal reflux disease,"I have a sour taste in my mouth, even when I haven't eaten anything acidic. I also get hiccups and a feeling of a lump in my throat."
migraine,"I have been having frequent headaches that are so bad that they make me throw up. I also have blurred vision, a sore neck, and anxiety."
urinary tract infection,"I have a pain in my lower abdomen and I feel like I have to pee all the time. When I do pee, it burns and I feel like I'm not getting everything out. I've also been feeling really cold and weak."
chicken pox,I have a rash all over my body. It's really itchy and uncomfortable. I'm also feeling really tired and exhausted.
gastroesophageal reflux disease,"I have a sour taste in my mouth all the time, even when I haven't eaten anything acidic. I also get hiccups and a lump in my throat a lot."
dengue,"I've been feeling really tired and weak, and I can't seem to get enough sleep. I also have a rash on my neck that itches really bad. "
impetigo,"I have a rash on my skin that is red, raised, and filled with fluid. It is painful to touch and I have a fever."
arthritis,"My neck is really stiff, and my muscles are weak. My joints are swollen, and it's hard for me to move without getting stiff. Walking is also unpleasant."
hypertension,"I've been having headaches, chest discomfort, dizziness, and difficulty concentrating."
diabetes,I have rashes and skin irritations especially in the folds of my skin. My cuts and bruises don't heal very quickly either.
allergy,"I'm feeling sick, shaky, and nauseous. I have a sore throat that makes it hard to breathe. I occasionally have chest pains at night and sometimes feel sick."
cervical spondylosis,"I've been having back pain, a persistent cough, and numbness in my arms and legs. I've also had trouble staying balanced and experiencing dizziness. My neck hurts, too."
fungal infection,"My skin has been acting up recently, it's been itchy and I've been getting rashes. There are also some spots that are a different color than the rest of my skin, and I have these lumps or bumps that weren't there before."
common cold,I've been feeling really tired and sick. My nose is running and I'm sneezing a lot. My head hurts and I feel like I have no energy. I also have a fever and feel like I'm burning up.
migraine,"I've been having eyesight problems, increased appetite, a sore neck, melancholy, irritability, and regular headaches, as well as acid reflux, indigestion, and frequent dizziness. These symptoms have made my regular activities more difficult and have caused me a great deal of distress."
psoriasis,"My genitals are red and irritated. It is often itchy, burning, and painful. I also have rashes on other parts of my body and my joints hurt."
fungal infection,"I've been itching a lot, and it's been accompanied with a rash that looks to be getting worse over time. There are also some patches of skin that are different colours from the rest of the skin, as well as some lumps that resemble little nodes."
cervical spondylosis,"My muscles are weak and I have back pain. I've been feeling lightheaded and dizzy, and my neck hurts."
typhoid,I have a high fever and a headache. I also have a lot of pain in my belly. I can't go to work because of this.
arthritis,"I've been feeling weak and achy lately, and my joints are swollen and stiff. It's hard to move around, and walking is especially painful."
common cold,I've been feeling really tired and sick. My throat is really sore and I've been coughing a lot. My nose is really stuffy and I have a lot of pressure in my sinuses. I feel really miserable and exhausted.
chicken pox,"I've been feeling really itchy all over my body, and I have a rash that's red and inflamed."
peptic ulcer disease,I have difficulty swallowing food and often get a sensation of the food getting stuck in my throat. I have constant belching and bloating. There is a persitent sour taste in my mouth
urinary tract infection,"I have pain in my abdomen, and often get feverish. I have sudden and strong urges to pee. The pain is almost constant, and often increases at night time. My pee almost always has a foul smell. I also feel like I'm not emptying my bladder completely."
impetigo,I have sores on my face that are healing very slowly and are getting infected. The sores are large and painful to the touch. I can't seem to get rid of them.
impetigo,"I have a rash on my skin. It is mainly near my nose, but it is spreading to other parts of my body. I am worried about this."
allergy,I have asthma like symptoms like wheezing and difficulty breathing. I often get fever and have headaches. I feel tired all the time. I have a runny nose and itchy eyes.
diabetes,"I'm having trouble concentrating and my emotions are all over the place. My mind feels cloudy and foggy at times, making it hard to do even simple tasks."
allergy,"I feel sick, queasy, and wobbly. My throat is swollen and makes it hard for me to breathe. My chest hurts sometimes at night, and I sometimes feel sick."
varicose veins,I have noticed cramps in my calves are becoming more frequent and intense. It is causing me a lot of discomforts. I am also overweight and my legs have started to swell. I am worried that I may have varicose veins.
bronchial asthma,i have been suffering from dry cough and difficulty in breathing for a week now. i also feel weak throughout the day.
pneumonia,I'm having trouble breathing and I'm sweating a lot. I feel really sick and my throat is full of phlegm. My chest hurts and my heart is racing. I'm coughing up a lot of mucus that's brown and stringy.
cervical spondylosis,"I've been experiencing neck pain, balance issues, and dizziness."
malaria,"I've been feeling really sick for the past few days. I have a high fever, chills, and intense itching. I've also been vomiting and sweating a lot. My head hurts and I feel nauseous and achy all over."
arthritis,"I've been experiencing stiffness and weakness in my neck muscles recently. My joints have grown, and it's hard for me to walk without getting stiff. Walking has been extremely uncomfortable."
bronchial asthma,"I've been having a fever, a cough, and shortness of breath. I've also been coughing up a lot of thick, sticky saliva. I'm feeling really tired and worn out."
cervical spondylosis,"I've been having a lot of back pain, and it's been radiating down my arms and legs. I've also been having trouble staying balanced and experiencing dizziness. My neck hurts, too."
impetigo,I have a rash on my skin that has blisters. The blisters are filled with fluid and are painful to touch. I also have a fever.
gastroesophageal reflux disease,I get heartburn and indigestion a lot. It's worse when I eat spicy or fatty foods. I also get chest pain that gets worse when I lie down or bend over.
drug reaction,I have rashes that sometimes peel off my skin. This makes me more likely to get infections. My hands shake and I sometimes have tremors.
pneumonia,"I've been feeling really run down and achy, and I can't stop coughing. It hurts in my chest when I do, and my heart feels like it's racing. I've been coughing up a lot of gross, brown mucus."
urinary tract infection,"I've had low temps and blood in my urine for the past three days. My pee smells terrible, and my head hurts so much. I can't control when I need to pee."
malaria,"I have a high fever, chills, and severe itching. I also have a headache, excessive sweating, nausea, and muscle aches."
chicken pox,"I have a really bad rash on my skin. It's really itchy and painful. I also have a fever, headache, and fatigue."
varicose veins,I have some strange veins on my legs that I'm not sure about. I'm a bit overweight and I'm worried about them.
peptic ulcer disease,"I have pain in my stomach that is worse when I hunch down or lie down. I have pain after eating certain foods, like hot or acidic food. I sometimes have loose stools because of this."
psoriasis,"I have a rash on my skin that is itchy and irritating. It is also flaky. It has spread to other areas of my body, including my chest and belly. It is worse at night."
migraine,"I've been having a lot of headaches lately, and they're getting worse. I also have a sore neck, and I'm feeling anxious and irritated. I've also been having trouble seeing things clearly."
diabetes,"I have trouble breathing, especially when I'm outside. I start to feel hot and sweaty. I also get urinary tract infections and yeast infections a lot."
bronchial asthma,"I've been coughing a lot, and it's hard to breathe. I've also been coughing up a lot of thick, mucusy saliva. I've been feeling really tired, and I have a fever."
migraine,I've been having trouble seeing things clearly and they look distorted.
peptic ulcer disease,I have been having constipation and diarrhea. I also have a lack of energy and appetite.
diabetes,I've been having trouble healing from my wound. My hands and feet have been tingling and going numb. I've also been feeling very weak.
bronchial asthma,I have been having trouble breathing for a few days. I have a high fever and I feel very tired. Can you recommend some medications for me?
bronchial asthma,"I've been having a dry cough for a week, and I'm having trouble breathing. I feel weak and tired."
arthritis,I have been having a lot of pain in my joints and muscles. My neck is stiff and I have a hard time moving around. I also have a lot of pain when I try to steer my car.
fungal infection,"I've been having these red rashes that keep popping up and my skin is constantly itching. I've also noticed some odd color-different spots on my skin, as well as some little nodules on my skin that appear to be expanding."
common cold,"I feel like I'm getting a cold. My neck is swollen, and I'm exhausted. My throat is scratchy, and my eyes are burning red. My nose is really clogged, and I am experiencing facial pressure. My chest hurts, and I'm unable to smell anything."
migraine,"I have been having headaches that are so bad that I can't see straight. I also have nausea, vomiting, and sensitivity to light and sound."
cervical spondylosis,"I've been having neck pain, and I've been feeling lightheaded. I've also been having trouble standing still."
dengue,I have developed rashes all over my body that are itchy and I have lost my appetite. I feel very tired all day and I feel like something is wrong with my body.
allergy,I have a really bad sore throat and I feel tired all the time. I also get feverish and often have muscle aches. Sometimes my whole body just cramps up
urinary tract infection,"I have to urinate a lot, but when I do, it hurts and I only get a little bit out. The urine is cloudy and bloody and sometimes smells bad. I also feel nauseous."
urinary tract infection,I have been having a problem with my pee. It smells funny and sometimes it is red or black. I also have been having trouble sleeping because my body temperature keeps changing.
drug reaction,I have rashes that sometimes cause my skin to flake off. I'm more likely to get sick because of this. My hands sometimes shake and I feel shaky.
migraine,"I have been having migraines for a few days. I have distorted eyesight, excessive appetite, a painful neck, melancholy, irritability, acid reflux, indigestion, and regular headaches."
varicose veins,"I have a rash on my legs that is giving me a lot of pain. There appears to be a cramp, and I can see visible veins on my calf."
arthritis,"I have been feeling stiff, my neck is stiff, my joints are swollen, and I have muscular weakness. I also feel uncomfortable when I walk."
urinary tract infection,"I've had a low grade fever for the past four days, and my urine has been bloody. It smells really bad, and my head hurts. I can't control when I have to pee, and I have to go all the time."
peptic ulcer disease,"I have a burning feeling in my stomach. It's worse when I eat or drink. I also get heartburn, indigestion, and nausea."
gastroesophageal reflux disease,"I have a burning sensation in my chest and throat. It feels like acid or food is coming up into my throat. It's worse when I lie down. I also have heartburn and indigestion after I eat, and I sometimes throw up."
fungal infection,"My skin is really itchy, and it sometimes breaks out into a rash. I also have some weird areas of skin that are a different color than the rest of me, and sometimes I get little bumps that look like nodules."
diabetes,I have to pee a lot and I'm always hungry. I get dizzy and confused a lot. I've also lost my eyesight.
arthritis,My neck is weak and stiff. My joints are enlarged and it is hard for me to walk without feeling stiff. Walking is also excruciatingly uncomfortable.
arthritis,"I've been having a lot of pain in my joints, especially in my neck and shoulders. It's hard to move around and I'm always feeling stiff. I've also been having trouble sleeping because of the pain."
typhoid,I've been having a lot of pain in my stomach and I've been feeling really bloated and constipated. I've also been having a fever and chills.
gastroesophageal reflux disease,I have a lot of burping and belching. I get chest discomfort that goes up my neck and into my jaw and arm. I have pressure and tension in my chest.
allergy,I've been feeling sick for a few days. I have a sore throat and my nose is running. I've also been having trouble swallowing.
psoriasis,"I have red and inflamed skin around my mouth, nose, and eyes. It is often itchy and uncomfortable. Recently, it has gotten very painful."
varicose veins,I have varicose veins on my legs. They are swollen and protruding from my skin. They are painful and noticeable.
typhoid,I've been having terrible stomach pains and I've been vomiting and constipated. I'm worried about my health.
fungal infection,"I have a rash on my skin that is itchy and has been getting worse over time. There are also some patches of skin that are different colors than the rest, and I've noticed some bumps that look like little nodes."
cervical spondylosis,"I have been having back pain, a lingering cough, and muscle weakness. I also have dizziness and balance issues, and my neck hurts."
fungal infection,I have a rash on my skin that is itchy and uncomfortable. There are also some odd patches of skin that are a different color. I also have a few pimples on my skin that resemble little knots.
impetigo,I have a sore on my nose that has crusted over and is hard to touch. It used to leak a yellow-rust colored fluid and it is taking a lot longer to deal with using medication.
typhoid,"I have been having loose, watery stools many times a day. I have lost my appetite and am always sick. I am also developing a mild fever. My abdominal part pains a lot. I don't know what the reason behind all of these is."
fungal infection,"I've been really itchy lately and there are these rashy spots all over my skin. There are also some areas that look different in shade than the rest of my skin, and I've had some bumps that are kind of hard. I'm not sure what it is, but I'd like to get it checked out."
drug reaction,I have difficulty concentrating and I forget things a lot. I have low mental clarity and I have trouble remembering things.
jaundice,I've been feeling really sick and tired. I've also had a fever and lost a lot of weight. My skin and urine have both turned yellow. I've also been having some stomach pain.
chicken pox,I feel really sick. I have no energy and have lost my appetite. I also have small red spots on my skin.
cervical spondylosis,"I have a terrible backache, and I've been coughing a lot. My arms and legs are weak, and I have trouble balancing. My neck hurts too."
peptic ulcer disease,I have a lot of stomach pain and I have to take antacids to help. I have lost a lot of weight and I can't seem to gain it back. My mouth hurts really bad.
chicken pox,I'm really tired and weak. I can barely keep my eyes open. I have a fever and I don't feel like eating anything. I think I've lost my appetite.
pneumonia,"I've been feeling really cold and tired lately. I've been coughing a lot, and it hurts when I breathe. My heart is beating really fast, and when I cough, I cough up phlegm that's kind of a rusty color."
impetigo,I have small red sores near my nose and neck that are painful and inflamed. I also have a high fever.
typhoid,"I have been experiencing a lot of belly pain and constipation. I also feel like I need to vomit, and I am feeling very weak."
dengue,I have red spots on my arms and legs that are itchy and inflamed. I have been feeling sick to my stomach and have a constant urge to vomit. I also have a mild fever.
typhoid,I've been feeling really tired and weak for a few days now. I also have a fever and a pain in my stomach. I don't know what's wrong with me.
allergy,"I have a sore throat and a lot of sneezing. There are times when the skin around my eyes and my lips swell. I find that once I start, I just cannot stop."
pneumonia,"I've been feeling really unwell recently. I've been having chills, a cough, and a high temperature. I've also been struggling to breathe and I've been sweating a lot. I've also had some thick, black phlegm."
varicose veins,I have a rash on my legs that is getting worse. I have difficulty running.
peptic ulcer disease,I have a sour taste in my mouth. I burp and belch a lot. I have pressure or fullness in my upper abdomen.
malaria,"I've been feeling really sick for the past few days. I have a high fever, chills, and a headache. I've also been vomiting and sweating a lot. I'm also really itchy and my muscles are sore."
common cold,I've been feeling really tired and my eyes have been really red. My nose is stuffy and I've been coughing up a lot of phlegm. I've also noticed my lymph nodes are swollen.
typhoid,"I've been feeling really tired and weak, and I can't seem to shake it. I've also lost my appetite because of the vomiting and nausea. My stomach is also hurting me."
drug reaction,I have rashes on my skin that flake off and make me prone to infection. My fingers twitch and I sometimes shake.
diabetes,I'm always feeling tired and worn out. My vision is blurry and seems to be getting worse. I also get dizzy and lightheaded sometimes.
gastroesophageal reflux disease,"I have a sore throat or hoarseness, especially in the morning. I have a chronic nagging pain in my throat and bad breath. I also have frequent belching. I have a burning sensation in my chest when I lay down."
dengue,"I have been feeling nauseous and have a constant urge to vomit. I get high fever and chills every night and feel terrible because of this. Also, I feel I have lost my appetite."
hypertension,I was in the middle of a workout when I suddenly felt lightheaded and dizzy. I also had a headache and chest pain. I've been having trouble balancing myself since then.
dengue,"I've been vomiting a lot and I'm not hungry. My muscles, joints and back hurt all the time. I'm starting to have a fever too. I'm really worried and not sure what to do."
malaria,I've been feeling really hot and cold lately. I've also been itching a lot and have a headache. I've been sweating a lot and feel nauseous. My muscles are also aching.
malaria,"I've been feeling really sick lately. I've been having a high fever, chills, and vomiting. I'm also sweating a lot and have a headache. I feel nauseous and my muscles are really sore."
hypertension,"I was driving home from work and suddenly felt a headache, chest discomfort, and dizziness. I've been having trouble concentrating and focusing while driving since then."
common cold,"I've been sneezing a lot and I have a really bad cough. I feel weak and exhausted, and my temperature is high."
urinary tract infection,"I've been having to pee a lot, and it hurts. I've also been peeing blood. What should I do?"
psoriasis,I have a rash that is itchy and painful. My nails have little dents in them. I also have skin peeling in different parts of my body.
diabetes,I have trouble breathing when I exercise. I sweat a lot and get hot easily. I get yeast infections a lot.
chicken pox,I have rashes on my arms and neck that itch when I scratch them. I also have a fever. I don't know what is causing it. The itching is really bothering me.
cervical spondylosis,"I've been experiencing neck pain, vertigo, and instability. I've also been having a chronic cough and limb weakness."
impetigo,I have a rash on my face and it's really painful. There are little blisters around my nose and they're oozing yellow liquid.
impetigo,I have sores on my face. They are red and crusty. They are mostly around my nose and lips. They are painful and there is a yellow or rust-colored fluid coming out of them.
allergy,"I have a sore throat and I am sneezing all the time. Sometimes my face swells up, especially my lips and the area around my eyes. I can't stop sneezing once I start."
diabetes,I have to pee a lot and I'm always thirsty. I get dizzy and confused sometimes. I've also lost a lot of my vision.
varicose veins,"I have a lot of pain in my legs, especially when I stand or walk for a long time. The skin on my calves is also swollen and red."
fungal infection,"I have a rash on my skin that looks like dischromic patches, and I also have a lot of nodular eruptions and really bad itching. It has gotten worse over the last week."
psoriasis,"I have been having a lot of skin problems lately. I have red, scaly patches on my skin that are itchy and painful."
varicose veins,I have been feeling a lot of pain in my legs lately. It feels like a cramp and it is worse when I stand or walk for a long time.
peptic ulcer disease,"I have a lot of stomach pain, and it's hard for me to sleep. I also feel really anxious and have no appetite."
gastroesophageal reflux disease,"I have a lot of belching and burping. I also have chest pain that goes to my back, neck, and arm. I feel pressure and stress in my chest."
common cold,"I've been sneezing a lot, and my nose is running. I'm also feeling really tired and achy, and I've been coughing a lot. My fever is also pretty high."
hypertension,"I suddenly felt a headache, chest pain, and dizziness in the middle of a conference. I've been having trouble concentrating and focusing on the topic since then."
gastroesophageal reflux disease,I feel like I'm going to throw up after I eat. I have a lot of pain in my abdomen and I have really bad acid reflux.
pneumonia,"I've been feeling really bad, with a high fever, shortness of breath, sweating, chills, and extreme fatigue. My heart is racing, and I've been coughing up a lot of brown phlegm."
peptic ulcer disease,"I have been feeling bloated and uneasy for a while now. I've also been losing weight and I don't like eating as much as I used to. Sometimes I get bloody vomit and dark, tarry stools."
peptic ulcer disease,"I have a constant hunger and appetite. Sometimes my stomach will cramp and spasm. After I eat, I feel bloated and gassy."
jaundice,"I've been losing weight, feeling really tired, and throwing up a lot. My skin has turned yellow, and I have a fever. My urine is dark, and I've been having stomach pain."
chicken pox,I have a rash all over my body and I feel really sick. I have a fever and a headache and I don't know what's wrong.
common cold,"I have red, watery eyes and my sinuses are tight. I have trouble breathing and I'm tired. My lymph nodes are swollen and I have a lot of throat mucous."
chicken pox,"I have a fever, headache, and swollen lymph nodes. I feel weak and fatigued. I'm having trouble concentrating because of the fever."
drug reaction,I have a fever and I feel dizzy and lightheaded. My heart is beating very fast and I feel very confused. I can't think very clearly and everything feels foggy.
impetigo,"I have a fever, headache, and a rash on my arms and face. I'm also worried about the red sores around my nose and lips."
psoriasis,"I have a skin condition that causes dry, flaky patches on my skin. I also have joint pain and the skin on my knees and elbows is peeling off."
hypertension,"I've been having a headache, chest pain, dizziness, and trouble concentrating."
dengue,"I've been feeling sick and feel like I'm going to throw up. There's a sharp pain behind my eyes, and my back is covered in red spots."
typhoid,"I've been having constipation and belly pain for a few days now. The belly pain has been getting worse and is starting to affect my daily life. I also get chills every night, followed by a mild fever."
drug reaction,I have been taking this medication for a while and I have gained a lot of weight. I have also been craving different foods and have been eating more than I used to.
common cold,I've been feeling really run down and sick. I've been sneezing a lot and I can't seem to get warm. My head hurts and I feel like I have a fever.
allergy,"I feel sick to my stomach, lightheaded, and dizzy. My throat is swollen and I can't breathe well. I sometimes feel pain in my chest and nausea at night."
diabetes,I've been drinking a lot more water and going to the bathroom more often. My mouth and throat are always dry. I've also been hungrier than usual.
dengue,I have red spots on my body that are itchy and inflamed. I also have a high fever and chills.
psoriasis,I have noticed that my skin has been dry and itchy. There are some red patches on my skin that are covered in a silver like dusting.
hypertension,"I've been experiencing headaches, chest pain, and dizziness. I've also been having trouble walking and concentrating."
malaria,"I've been having a really high fever, chills, and nausea. I've also been sweating a lot and my muscles hurt. I feel really queasy and have a headache."
jaundice,"I have been feeling very sick lately. I have been having a lot of itching, vomiting, and fatigue. I have also lost a lot of weight and have a high fever. My skin has turned yellow and my urine is dark. I have also been having some abdominal pain."
hypertension,"I've been having chest pain, dizziness, and a headache that feels like it's in a narrow zone around my head."
allergy,"I've been having trouble swallowing, and my throat is sore. My nose has been running, and I've been sneezing a lot."
pneumonia,"I've been feeling really tired and achy, and I can't seem to shake this cough. When I cough, my chest hurts and my heart feels like it's racing. I've also been coughing up a lot of nasty, rusty-colored phlegm."
peptic ulcer disease,"I have a stomach ache that keeps me up at night. After I use the bathroom, I feel tired and I don't want to eat. I'm always nervous."
impetigo,I have sores around my nose that are crusted over and hard to touch. They used to ooze a yellow-rust colored liquid. It is taking a long time to heal.
allergy,"I have a runny nose and sneeze a lot. My eyes are sore and watery, and I have a headache."
pneumonia,"I've been feeling really cold, and I'm so tired. I can't seem to shake this cough, and it hurts when I cough. My chest aches, and my heart is racing. The mucus I'm coughing up is a disgusting brownish color."
varicose veins,I have cramps in my calves that are getting worse. I can't walk very far without them getting really bad.
peptic ulcer disease,I have a sour acidic taste in my mouth. I have frequent belching and burping. I have a feeling of pressure or fullness in my upper abdomen that last for a few hours. I have a pain in my upper abdomen that is worse when I eat.
typhoid,I have been having a lot of stomach pain and constipation for the past few days. I have also lost my appetite and feel very weak.
gastroesophageal reflux disease,"I have a burning sensation in my chest and throat, and I often feel like I have to clear my throat. I also have a bad taste in my mouth and my breath smells bad."
impetigo,"I have a rash around my nose and mouth, and it's spreading to other parts of my body. I also have a fever."
chicken pox,I have a rash all over my body. It's red and itchy. I've also been feeling achy and tired.
impetigo,"I have a fever and a rash on my face. The rash is red and painful, and it's oozing yellow fluid."
allergy,"I'm always tired, my mouth tastes bad, and my throat itches. My muscles are hot and painful, and my whole body can cramp up sometimes."
common cold,"I have a runny nose and a sore throat. I've been coughing a lot, and my chest feels tight. I feel tired and achy, and I have no sense of smell."
pneumonia,"I'm having trouble breathing. I'm sweating and my heart is racing. My chest hurts and I'm coughing up dark, stringy mucus."
chicken pox,"I've been feeling really tired and weak. I can barely get out of bed in the morning, and I'm having trouble staying awake during the day."
jaundice,"I've been feeling really sick. I've had a fever, lost weight, and I've been really tired. My skin and my urine have turned yellow. I've also been having stomach pain."
allergy,"I have asthma and I get wheezing and breathing problems. I also have fevers, headaches, and I feel tired all the time."
impetigo,I have a rash on my face and nose. I don't know what it is. The sores on my cheek are big and they hurt to touch. I also have a burning feeling and redness on my skin.
urinary tract infection,I have a strong smell in my urine and it is cloudy. I have been having fevers and need to urinate more often at night.
arthritis,"My muscles are weak, and my neck is tight. My joints are swollen and it hurts to move."
gastroesophageal reflux disease,"I have a sour taste in my mouth all the time, even when I haven't eaten anything acidic. I also get the hiccups a lot and have a knot in my throat."
common cold,"I've been sneezing a lot, and I feel really tired. I have a lot of gunk in my nose and throat, and my throat hurts. My neck also feels swollen."
varicose veins,I have been having cramps in my calves when I walk or stand for long periods of time. I have also noticed bruise marks on my calves. I feel tired very soon.
urinary tract infection,"I've been having a lot of pain in my lower abdomen, and it feels like my bladder is about to explode when I urinate. I've also been feeling very weak and have had a low body temperature since these symptoms started."
cervical spondylosis,"I have been having back pain, a cough that won't go away, and weakness in my arms and legs. My neck hurts and I have been dizzy and have trouble keeping my balance."
hypertension,"I've been having headaches, chest pain, and lightheadedness. It's been hard to concentrate at work."
fungal infection,I have a rash all over my body. It's itchy and the patches are darker than the rest of my skin. I also have some firm lumps.
bronchial asthma,"I've been feeling really weak and tired lately, and I have a cough that just won't go away. I've also been running a high fever, and it's been hard for me to breathe. I've been coughing up a lot of mucous."
psoriasis,"I have a rash on my skin that is itchy and uncomfortable. It is also red and flaky. It has been spreading to other parts of my body, including my chest and abdomen. I am also facing skin peeling."
pneumonia,I'm having trouble breathing and I'm sweating a lot. I feel really sick and I have a lot of mucus in my throat. My chest hurts and my heart is racing. I'm coughing up a lot of dark mucus that looks like rust.
bronchial asthma,"I've been coughing a lot, and it's hard to breathe. I'm also really tired and exhausted. I've been coughing up a lot of thick, mucusy stuff. I have a fever, too."
gastroesophageal reflux disease,"I have a burning sensation in my chest that comes and goes. I feel like food or acid is backing up in my throat. My chest discomfort only becomes worse while I'm lying down. After eating, I frequently have heartburn or indigestion and throw up."
psoriasis,"I have small dents in my nails. My joints are hurting a lot. I have a silver like dusting on my skin, especially on my back."
peptic ulcer disease,I have a sour taste in my mouth. I burp and belch a lot. My upper abdomen feels full or pressured.
typhoid,"I've had a high fever, especially at night. It's been really bad. I've also had a headache, constipation, and diarrhea. I don't want to eat anything."
drug reaction,I have severe nausea and chest discomfort. I have been having chest discomfort lately. I often shiver a lot and feel really nervous. I have been taking a new medication for my high blood pressure.
arthritis,My muscles have been weak and my neck is tight. I have swollen joints that make it hard to move and walking is painful.
dengue,"I have a rash all over my body. It's red and swollen, and it's worse in some places, like my arms and legs. I also don't feel like eating."
cervical spondylosis,"I have been having back pain, a productive cough, and muscle weakness. I also have dizziness and uneven balance, and my neck hurts."
peptic ulcer disease,I have a sour taste in my mouth and I've been belching a lot. My upper abdomen feels full and pressed in.
common cold,I have a bad cold. I've been sneezing a lot and I have a sore throat. I also have a lot of mucus in my nose and throat. My neck is a little swollen and it hurts when I swallow.
varicose veins,I have dark purple veins on my legs. They look like they are bulging out. I also get cramps when I run or sprint.
hypertension,"I've been having a headache and chest pain all day, and I'm also feeling dizzy and unsteady on my feet."
urinary tract infection,"I have to go to the bathroom a lot, but only a few drops of urine come out. I have severe stomach pains and an overwhelming urge to urinate."
urinary tract infection,"I have to constantly go to the bathroom to pee, but I can't seem to empty my bladder. I get these very strong and uncontrollable urges to pee and sometimes my pee is dark or bloody."
varicose veins,"I have these bulging veins on my legs that are very noticeable and are causing me a lot of discomforts. They are swollen and protrude from my skin, making them visible through my clothing."
dengue,I have been experiencing severe joint pain and headaches for the past few days. I also have a mild fever and chills. 
hypertension,"I've been having a headache that feels like a tight band around my head, and I've also been having chest pain and dizziness."
gastroesophageal reflux disease,"I'm having trouble eating, and it's hard to swallow. I feel full even after eating a small meal. I also have nausea, heartburn, and a tingling sensation in my throat."
impetigo,"I have a rash around my nose, and it's spreading to other parts of my body. I also have a high fever every night."
gastroesophageal reflux disease,"I belch and burp a lot. I get chest pain that goes to my arm, jaw, and back of my neck. I feel pressure and stress in my chest."
malaria,"I've been feeling really sick. I have a high fever, chills, and severe itching. I've also been vomiting and having a headache. I'm also sweating a lot and feeling nauseous and achy."
diabetes,"I have a cough that won't go away, and I'm always sneezing. I also have palpitations, and my infections don't seem to be healing. My throat hurts sometimes, but it usually gets better."
common cold,"I've been coughing a lot, and I feel cold and shivery. My nose is stuffy, and I feel pressure in my face. I have a lot of phlegm, and coughing hurts my chest. I can't smell anything, and my muscles hurt."
impetigo,I have a rash on my face. I have small sores around my nose and they are very painful. Sometimes a yellow fluid comes out of the sores.
allergy,I have a stuffy nose and a blocked nose. I also have stiffness and chest pain at night. I can't taste or smell anything.
dengue,I have a skin rash that is red and swollen. I also have a severe fever and body pain.
arthritis,"I've been having a lot of pain in my joints, especially my knees and hips. It's hard for me to move around and I'm always feeling stiff. I've also been having a lot of trouble sleeping because of the pain."
chicken pox,I have a lot of small red bumps all over my body. They're itchy and uncomfortable. I'm worried about what they could be.
fungal infection,"I have a rash that looks red and inflamed, discoloured areas of skin that are different colours from the rest of my skin, and itching on my skin."
allergy,"I feel tired all the time, and my throat feels tingly. I also have dry, flaky skin. Sometimes my eyes get puffy, and my face swells up too."
common cold,I've been feeling really run down lately. I've been having a lot of trouble breathing and my nose is constantly running. I also have a lot of throat mucus and my lymph nodes are inflamed.
jaundice,"I've been feeling really itchy, sick to my stomach, and tired. I've also had a fever and lost weight. My skin and urine have turned yellow, and my stomach hurts."
common cold,"I've had a nasty cough and cold for days. My nose is stuffy and my sinuses are congested. I've also been coughing up mucus, and it hurts my chest to cough. I can't smell anything and my muscles are aching."
psoriasis,I have been having rashes on my skin. The rash is itchy and bleeds when I scratch it. I have also noticed small dents in my nails.
allergy,I feel like I'm always tired and I have a tickle in my throat. My skin is also dry and I sometimes get swelling around my eyes.
arthritis,"I've been having a lot of pain in my joints, especially my knees and hips. I've also been feeling really stiff and it's hard to move around."
typhoid,"I've been having a hard time going to the bathroom, and my stomach has been hurting. I also had a fever last night."
varicose veins,"I have noticed that the blood vessels in my legs are getting more noticeable than usual. It is a little concerning to me. Moreover, I am experiencing cramps every day."
typhoid,I've been vomiting and having diarrhea for a few days. I've been having trouble keeping hydrated because of it. I also have a mild fever and constipation. My head hurts a little bit too.
bronchial asthma,"I've been having a persistent cough, trouble breathing, and fatigue. I have a fever and I've been coughing up a lot of thick, mucusy sputum. I feel pretty sick because of how tired and drained I am."
bronchial asthma,"I've been having a dry cough, breathing difficulties, and a high fever. I'm also producing a lot of mucous and feel incredibly weak and tired."
hypertension,"I was working out and suddenly felt a headache, chest pain, and dizziness. I have been having trouble keeping my balance since then."
urinary tract infection,"I have to go to the bathroom a lot, but only a little comes out. My stomach hurts, and I can't control my need to pee."
migraine,"I've been having headaches and blurry vision, and I've also been getting acid reflux and indigestion after I eat."
dengue,I have a headache and my eyes hurt. I have red spots on my neck and face and rashes on my arms. My arms and legs hurt a lot. The spots are itchy and uncomfortable.
migraine,I've been having headaches and my vision has been blurry.
cervical spondylosis,I have been having a lot of pain in my back and neck. I have also been coughing a lot and I feel weak. I have been dizzy and I have trouble standing up straight.
cervical spondylosis,"I've been having periodic coughing fits, terrible back pain, and limb weakness. I've been feeling neck pain as well as a dizzy and unstable sensation."
fungal infection,"I've been having a lot of itching and rashes on my skin. There are also some strange patches of skin that are a different color than the rest of me, and sometimes I get little bumps that look like nodules."
chicken pox,"I have red, itchy bumps all over my body. They're especially bad on my arms and legs. I also have a headache and a fever. I don't feel like eating anything and have lost my appetite."
pneumonia,I'm having trouble breathing and I'm sweating a lot. My throat is really sore and I have a lot of mucus. My heart is racing and my chest hurts. I'm coughing up red stuff.
fungal infection,"I have a rash all over my body that is very itchy. It is red and bumpy, and there are some darkened spots and a few tiny, nodular breakouts. It has been happening for several days and is getting worse."
fungal infection,"I've been scratching myself a lot lately, and my skin is covered in rashy places. There are a few spots where my skin doesn't appear to be its usual shade, and I've experienced a few lumps that are quite painful."
drug reaction,I have a metallic taste in my mouth and my sense of taste and smell have changed. I also have joint and muscle pain.
allergy,"My skin is itchy and red. Sometimes, it can peel. My lips and cheeks swell, and it is really annoying. I sometimes get headaches and watery eyes because of the swelling."
cervical spondylosis,"I've been having coughing fits, back pain, and weakness in my arms and legs. I've also been having neck pain and dizziness."
gastroesophageal reflux disease,"I have trouble swallowing, and I don't feel like eating. I often feel full, even after eating just a little. I also have heartburn, nausea, and tingling in my throat."
arthritis,My neck has been very tight and my muscles have felt quite weak recently. It's tough for me to move around without getting stiff because of my swollen joints. Walking has also been very uncomfortable.
chicken pox,I have a rash on my arms and neck that itches like crazy. I've been feeling really uncomfortable all day.
psoriasis,"I have red, itchy, and scaly patches on my skin. They are often on my genitals, but I also have them on other parts of my body. They are sometimes painful and uncomfortable."
arthritis,"I have been experiencing a lot of pain in my joints, especially my knees and hips. I also have a lot of stiffness in my neck and shoulders. I have been having trouble walking and doing other activities that I used to be able to do without any pain."
bronchial asthma,"I've been coughing a lot, and I'm really tired. I have a fever, and it's hard to breathe. I also cough up a lot of mucous."
pneumonia,"I've been having a lot of trouble breathing lately, and I've been coughing up a lot of phlegm. I've also been feeling really tired and weak, and I've been having chills and a fever. My chest hurts, and my heart is racing."
allergy,I have a lot of sneezing and a sore throat. My lips and the area around my eyes sometimes swell up. I can't stop sneezing once I start.
varicose veins,I have a bruise on my leg and the skin around the veins is dry and flaky. My legs have started to swell.
bronchial asthma,"I've been having trouble breathing, and I've been coughing a lot. I've also been running a fever, and I'm feeling really tired. I'm not sure what's going on, but I'm worried."
urinary tract infection,I have blood in my urine and sometimes feel sick when I pee. I also have a high fever at night and my pee smells bad.
common cold,"I've been feeling really sick lately. My nose is running like crazy, and I can't stop sneezing. I'm also exhausted and have a fever."
drug reaction,"I have rashes on my chest and back and I itch all over my body. I sometimes have flaky skin, which often leaves marks on my body."
drug reaction,I have a hard time concentrating and my mind is not clear. I have trouble remembering things and I forget things a lot.
bronchial asthma,I have been having a hard time breathing lately. I have a dry cough and I am coughing up a lot of mucus. I also have a fever and I am feeling very weak and tired.
drug reaction,"I have a rash on my back and chest, and my skin is itchy. Sometimes my skin is dry and flaky, which often results in body stains."
cervical spondylosis,"I've been having a lot of back pain, and my neck hurts too. I've also been feeling lightheaded and unsteady, and my arms and legs are numb."
bronchial asthma,"I have a bad cough and I'm really tired. I have a high fever and my breathing is shallow. When I cough, a lot of saliva comes out."
drug reaction,"I have a rash on my back and chest, and my entire body itches. My skin may be dry and flaky at times, which frequently leaves marks on my body."
typhoid,I have been having constipation and stomach ache for a few days now. It is really uncomfortable and it is starting to affect my everyday life.
drug reaction,"I'm not interested in sex anymore, and it's hard for me to get aroused. I also have brain fog and feel confused a lot."
drug reaction,I have a fever and I feel really lightheaded and woozy. My heart is pounding and my head is really foggy. I can't think straight and everything looks blurry.
jaundice,I've been feeling really sick and tired. I've lost weight and have a fever. My urine is dark and my skin is yellow. I also have stomach pain.
fungal infection,"My skin has been acting up lately, it's been really itchy and I've been getting rashes. Some patches of my skin are a different color than the rest of my skin, and I have some lumps or bumps on my skin that weren't there before."
gastroesophageal reflux disease,"I have a burning sensation in my throat that comes and goes, and it's worse after I eat. I also have a bitter or sour aftertaste in my mouth sometimes."
cervical spondylosis,"I have been having back pain, a cough, and weakness in my muscles. My neck is sore and I have been dizzy and unsteady."
jaundice,I have been having intense itching all over my body. I have also been vomiting and feeling very tired. I have lost a lot of weight and have a high fever. My skin has turned yellow and my urine is dark. I have also been having abdominal pain.
pneumonia,I'm having trouble breathing and I feel really uncomfortable. I'm sweating a lot and my throat is really sore. My chest hurts and my heart is beating fast. I'm coughing up a lot of mucus and it's brown.
arthritis,"I've been experiencing stiffness in my neck, and my joints have enlarged. It's been difficult for me to move, and walking has been a challenge."
chicken pox,"I've been feeling really sick lately. I have a fever, and I've been getting these itchy red spots all over my body. I'm not sure what's wrong with me, but I'm worried."
urinary tract infection,"I have to go to the bathroom all the time, but I only pee a little bit. My stomach hurts a lot and I can't seem to control my urges to pee."
chicken pox,I have little red spots all over my body. I don't know what they are and they are worrying me. I have also lost my appetite and every night I am exhausted and have a severe headache.
migraine,"I have a stiff neck and eye issues, and I've been hungry all the time."
urinary tract infection,"I have blood in my urine and a low-grade fever. I've also been having headaches and a strong, uncontrollable urge to urinate. I've also started having lower back pain."
psoriasis,"My skin is dry and flaky, and I get infections easily. My joints are in a lot of pain, and the skin on my knees and elbows is peeling off."
cervical spondylosis,I've been having a lot of pain in my neck and back. I also feel dizzy and weak.
diabetes,"I have a dry cough that won't go away. I also get infections that don't seem to heal, and I have palpitations. My throat hurts sometimes, but it gets better."
arthritis,I've been feeling really weak in my muscles lately and my neck has been really stiff. It's been hard for me to move around because my joints are swollen and it hurts to walk.
peptic ulcer disease,I have been having a lot of stomach pain and heartburn. I also have been feeling very tired and have no appetite.
typhoid,"I've been feeling really sick for the past week. I've been vomiting and having diarrhea, and I've lost a lot of weight. I also have a fever, headache, and stomach pain. I'm really worried about my health."
gastroesophageal reflux disease,I have a lot of gas and burping. I have chest pain that goes up my neck and into my jaw and arm. I feel like my chest is tight and heavy.
diabetes,"I've been having trouble seeing things clearly, and it seems to be getting worse. I'm also always tired and worn out, and I get dizzy and lightheaded a lot."
peptic ulcer disease,I have a gnawing hunger and apetite. Sometimes I get abdominal cramps and spasms. There is bloating and gas after eating which causes me a great deal of uneasiness
impetigo,I have a fever and feel weak. I have sores on my face that are itchy and painful. They leak a yellow ooze.
cervical spondylosis,"I have been having back pain, a hacking cough, and weakness in my arms and legs. I also have neck pain and have been dizzy and have trouble balancing."
psoriasis,"I have a silvery film on my skin, particularly on my back, arms and scalp. It's made up of tiny scales that easily peel off when I scratch it."
diabetes,I have blurry vision and it's getting worse. I'm always tired and I get dizzy and lightheaded sometimes.
peptic ulcer disease,I have a really strong appetite and I'm always hungry. My stomach sometimes aches and cramps. I have really painful gas and bloating after eating.
malaria,"I've been experiencing a high fever, vomiting, chills, and severe itching. I also have a headache and am sweating profusely. My discomfort has also been accompanied by nausea and muscle pain."
pneumonia,"I've been coughing a lot recently, and it hurts when I breathe deeply. I'm also feeling really cold and tired, and my heart is beating really fast. When I cough, I sometimes cough up phlegm that's a little bloody."
dengue,I have a high fever and a headache. My body hurts and I feel cold. I'm worried about my health.
arthritis,I've been having a lot of pain in my joints lately. My neck has been really stiff and it's hard for me to move it around. My joints have been swelling up and it's hard for me to move around without feeling stiff. Walking has been really painful too.
dengue,I have been having a really bad headache that is behind my eyes. I also have no appetite and feel really cold at night. 
chicken pox,"I have a fever, headache, and I can't eat. I feel like throwing up. I also have some red spots on my arms."
bronchial asthma,"I've been having trouble breathing, and I've been coughing a lot. I've been coughing up a lot of thick, mucoid sputum and have a high fever."
impetigo,I have a rash on my skin that is made up of blisters. The blisters are painful and they are filled with fluid. I also have a fever.
jaundice,"I have been feeling really sick lately. I have been itching all over, and I have been vomiting. I have also lost a lot of weight, and I have a fever. My skin has turned yellow, and my urine is dark. I have also been having abdominal pain."
urinary tract infection,My pee is dark and bloody and has a very bad smell. I have been having temperature fluctuations and can't sleep at night
drug reaction,I have been having migraines and headaches. I can't sleep. My whole body is shaking and shivering. I feel dizzy sometimes.
cervical spondylosis,I have been having a lot of pain in my neck and back. I also have a dry cough and I feel weak and dizzy.
gastroesophageal reflux disease,"I have a burning feeling in my throat after I eat. I also sometimes get a bitter or sour taste in my mouth, which makes me feel sick."
cervical spondylosis,I have a lot of pain in my neck and back. I also feel weak and lightheaded. I've been coughing up mucus.
malaria,"I've been having a fever, chills, and nausea. I've also been sweating a lot and have a headache. My muscles are sore and I've been scratching a lot."
jaundice,"I've been feeling really sick lately. I've been itchy and throwing up, and I've lost a lot of weight. My skin has turned yellow, and I've been having a high fever. My stomach has also been hurting."
dengue,"I have been feeling nauseous, and I have lost my appetite. I also feel uneasy and have a pain in my back and muscles."
chicken pox,I've been feeling really sick lately. I've been having a lot of nausea and I feel really uneasy. I've also noticed some rashes on my arms and legs. I've lost my appetite and I feel exhausted every day.
diabetes,I have slow healing of wounds and cuts. I have this tingling sensation in my hand and numbness in both my hands and feet. I also have a lot of thirst and I'm always tired.
urinary tract infection,"I have a burning sensation when I pee. Sometimes it's really painful and my urine smells bad. I have to pee more often, especially at night."
jaundice,"I've been feeling really scratchy, dizzy, and worn out. I've lost weight and have a fever. My urine is dark, and my skin has turned yellow. I also get stomach pain."
fungal infection,I have red blotches all over my body and they are itchy. Some of the patches are different colors than my skin and I have bumps on my skin.
jaundice,"I have been feeling really sick lately. I have been vomiting, I am tired all the time, and I have lost a lot of weight. My skin has turned yellow, and my urine is dark. I have also been having abdominal pain."
cervical spondylosis,"I've been having back pain, a dry cough, and weakness in my arms and legs. I've also been feeling dizzy and unsteady on my feet, and my neck hurts."
jaundice,I've been feeling really sick and tired. I've lost weight and have a fever. My urine is dark and my skin is yellow. I've also been having stomach pain.
impetigo,I have a rash around my nose and lips that is red and painful. It has some yellow fluid coming out of it.
dengue,I have been having severe muscle pain for the past few days. It feels like a constant ache. There are also red spots all over my body and the itching is really bad.
common cold,I've been feeling really sick lately. I've been sneezing a lot and my nose is running. My throat is also really scratchy and I've been feeling really tired.
fungal infection,I have a rash on my skin that is very uncomfortable. There are also some odd patches of a different color and some pimples that resemble little knots.
hypertension,"I have been feeling lightheaded and dizzy, and I have also noticed that I have been getting headaches more frequently."
drug reaction,I have terrible mental clarity and find it difficult to stay focused. I regularly forget things and have problems remembering things. I also have trouble concentrating and find it difficult to pay attention.
jaundice,"I've been feeling really scratchy, dizzy, and worn out. I've lost weight and have a temperature. My urine is dark, and my skin has turned yellow. I also have stomach pain."
varicose veins,I have varicose veins in my legs. They are very painful and make it difficult to sleep at night. I also get cramps when I sprint.
chicken pox,"I've been feeling really sick and I've lost my appetite. I've also noticed some red spots on my arms, neck, and face that itch when I touch them."
allergy,I have difficulty breathing and shortness of breath. I cough uncontrollably and my eyes get itchy and swell up. I also get swelling on my face and other body parts.
common cold,I feel weak and my lymph nodes are swollen. My eyes burn and my throat hurts. My sinuses are congested and my nose is stuffy. I can't smell anything and my chest hurts.
pneumonia,"I've been having chills, fatigue, and a cough for a few days. I've also been sweating a lot and feeling weak and unwell. I've had some thick, black phlegm, and my chest hurts. My heart has been racing, too."
common cold,"I've been feeling really sick and exhausted lately. My throat is scratchy, and my nose is running a lot. I also have a headache and my neck feels swollen."
impetigo,I have a rash on my face and near my nose. It's been there for a few days and it's starting to spread down my arms and legs.
peptic ulcer disease,"I have been having bloody stools for a while now, and I am also feeling quite weak. I think I may have anemia."
peptic ulcer disease,"I have a burning feeling in my stomach that is worse when I lie down. I also have pain after eating certain foods, like spicy or acidic foods. Sometimes I have loose stools after eating these foods."
bronchial asthma,"I have a cough that won't go away, and I'm having trouble breathing. I'm also really weak and tired, and my fever is really high. I'm coughing up a lot of mucus, and I'm really angry and frustrated."
urinary tract infection,I have been having a very low temperature and my pee smells really bad. The area near my kidneys hurts a lot and I can't seem to hold my pee. I often get these uncontrollable urges to go to the bathroom.
migraine,I have been having headaches for a while now. They are usually on the left side of my head and they are very painful. I also get nauseous and dizzy when I have a headache.
malaria,"I've been feeling really unwell. I have a headache, and I'm perspiring a lot. I've been uncomfortable from nausea and muscle ache, too. I've also been scratching a lot, and I have chills and a high fever."
bronchial asthma,"i have been having high fever since past few days , saliva also became thick , dry cough , weakness also seen"
varicose veins,My legs are swollen and the veins are protruding from my skin. They are painful and make it difficult to sleep at night.
malaria,"I've been having a fever, vomiting, chills, and severe itching. I also have a headache and am sweating a lot. My discomfort has also been accompanied by nausea and muscle pain."
malaria,"I've been feeling really sick. I've had a fever, chills, vomiting, and severe itching. I've also had a headache, and I've been perspiring a lot. I've been feeling really nauseous and my muscles ache."
gastroesophageal reflux disease,"I have a lot of heartburn, especially after eating spicy or fatty foods. My chest pain is worse when I hunch over or lie down."
dengue,"I have been vomiting frequently and have lost my appetite as a result. There are rashes on my skin and my eyes pain, because of which I cannot sleep properly."
peptic ulcer disease,"I have a burning sensation in my upper stomach that comes and goes. I also have heartburn, indigestion, and nausea."
allergy,I'm always exhausted and I feel like I have a tickle in my throat. My skin is dry and my eyes sometimes swell up.
urinary tract infection,"I've been feeling really down lately, and my pee smells like rotten eggs. My kidney area hurts, and I can't seem to hold my urine in. I have to go to the bathroom all the time."
impetigo,"I have a rash on my face, neck, and arms. It's red and burning. I'm worried about it."
psoriasis,"I've noticed a sudden peeling of skin on my arms, legs, and back. I also have joint pain and skin rashes. The rash is spreading to different parts of my body."
fungal infection,"I have a rash all over my body, and it's really itchy. I have some bumps that are quite firm, and some areas that are a darker shade from the rest of my skin. It's really unpleasant."
gastroesophageal reflux disease,"I have a sour taste in my mouth all the time, even when I haven't eaten anything acidic. I also have a lump in my throat and the hiccups a lot."
pneumonia,"I've been feeling really unwell recently. I've had a high temperature, chills, a cough, and I've been struggling to breathe. I've also been sweating a lot and feeling really weak and tired. I've also had some thick, red phlegm."
diabetes,I've been feeling really thirsty and hungry lately. I've also been feeling really tired.
drug reaction,"I'm losing hair, and my hair's texture has changed a lot. My dandruff is getting worse, and my dry, itchy scalp. My skin is getting really dry too."
malaria,"I've been feeling really sick. I have a high fever, chills, vomiting, and severe itching. I also have a headache, excessive sweating, nausea, and muscle aches."
cervical spondylosis,"I have been having back pain, a chronic cough, and weakness in my limbs. I have also been feeling disoriented and weak on my feet, and my neck hurts."
cervical spondylosis,"I have been having back pain, a cough, and weakness in my muscles. My neck hurts and I have been dizzy and have trouble balancing."
varicose veins,"I have itchy, inflamed skin on my calves that is hard to sleep with. I'm also concerned about the blood vessels that are protruding out."
bronchial asthma,I have a fever and I can't breathe through my nose or mouth. I'm tired and I've been coughing up mucus. Can you recommend some medications?
pneumonia,I'm feeling really hot. I can't breathe well. I'm sweating a lot. I'm shaking. I'm really tired. My heart is beating fast. I have some brown stuff coming up when I cough.
jaundice,I have been feeling very sick. I have been vomiting and have a high fever. My skin has become yellow and my urine is dark. I also have abdominal pain.
chicken pox,I have no appetite and I feel like vomiting. I am also very tired. I have rashes on my skin that are really concerning me.
impetigo,I have a rash on my cheeks and nose that is spreading to my neck and chest. I also have a fever.
bronchial asthma,"I have been coughing a lot lately, and it is hard for me to breathe. I also have a fever, and I feel weak and tired."
psoriasis,"I have a rash on my skin that is itchy and uncomfortable. I have also noticed small dents in my nails, which is concerning."
psoriasis,I have a rash on my arms and neck that bleeds and hurts when I scratch it. I also have small dents in my nails.
dengue,I've been feeling really cold and shivery. My back and eyes hurt a lot. I've also noticed some red spots on my back and neck. 
allergy,I have a stuffy nose and a blocked nose. I also have stiffness and chest pain sometimes at night. I can't taste or smell anything.
chicken pox,I have a rash that is itchy and it is making it hard to sleep at night. I have also lost my appetite and feel lethargic.
diabetes,"I've been feeling really tired lately. I've also been losing weight, and I'm always thirsty."
psoriasis,"I have thick, cracked skin on my fingers and soles that hurts and bleeds frequently. The skin is also itchy and covered with scales."
peptic ulcer disease,"I have been having bloody stools for a while now, and I am also feeling weak. I think I may have anaemia."
cervical spondylosis,"I've been having trouble with my neck. It's been hurting, and I've been having trouble staying balanced. I've also been having numbness in my arms and legs."
hypertension,"I've been having headaches and chest pains, and I've also fainted a few times. I've also noticed that it's hard for me to focus."
drug reaction,"I've been having some weird changes in my monthly cycle, and I've been having some unexpected vaginal discharge. I've also been feeling really moody and agitated lately."
bronchial asthma,"I've been having trouble breathing lately. I've been coughing a lot, and my chest feels tight. I've also been feeling very tired and weak."
dengue,"I'm experiencing extreme body pain, headache and vomiting. I've developed red spots all over my body and I'm very itchy."
malaria,"I have a high fever, severe itching, chills, and vomiting. I also have a headache and have been perspiring a lot. Additionally, I have been nauseous and my muscles hurt."
typhoid,I have been having a stomach ache for the past week. It is not getting better even with medication. I feel like vomiting and I can't eat anything. I have become very weak.
impetigo,I have a fever and a headache. I have sores near my nose and rashes on my neck. I'm really struggling right now.
psoriasis,"I have a red, itchy rash on my face, especially around my nose, mouth, and eyes. My nails are also inflamed."
pneumonia,"I've been having a fever for a few days, and it's been getting worse. I'm having trouble breathing, and I'm coughing up a lot of phlegm. I'm also feeling really tired and weak."
impetigo,"I have a rash on my face that is red, itchy, and painful. It is also blistering. I have also been experiencing flu-like symptoms, such as fever and body pain."
gastroesophageal reflux disease,"I have heartburn and indigestion. I frequently vomit everything I eat, and it is hard for me to swallow since food gets caught in my throat. My upper abdomen is in discomfort."
drug reaction,I've been having mood swings and my monthly cycle has changed. I've also had some unexpected vaginal discharge.
jaundice,"I have been feeling very sick. I have been vomiting, I have a fever, and I have been itching all over. My skin has turned yellow, and my urine is dark. I have also been having abdominal pain."
diabetes,I've been feeling really thirsty and hungry lately. I also feel really tired sometimes.
malaria,"I've been having a fever for a few days now, and it's been getting worse. I'm also really itchy, and I've been throwing up. I feel really weak and tired, and my head hurts. My muscles are also really sore."
bronchial asthma,"I've been having a hard time breathing. I've been coughing a lot and I'm coughing up a lot of thick, sticky mucus. I've also been feeling really tired and weak."
chicken pox,I have a fever and red spots all over my body. I feel really tired and I don't want to eat anything. I'm worried about what's wrong with me.
gastroesophageal reflux disease,I have a lot of heartburn and acid reflux. I also feel sick after eating and sometimes throw up.
varicose veins,I have these cramps in my calves that are really painful. They come on suddenly and last for several minutes. They're making it hard for me to walk and do my daily activities.
hypertension,"I've been having a headache all day, and I feel sick to my stomach. I'm also having trouble concentrating and focusing on my work."
urinary tract infection,"I've been having to pee a lot, and it hurts when I do. Sometimes I see blood in my pee, and it smells really bad. I'm worried that I have an infection. What should I do?"
arthritis,"I've been having stiffness and weakness in my neck muscles lately. My joints have gotten stiff, so it's hard for me to run without getting stiff. Walking has also been uncomfortable."
dengue,I have a fever and my back hurts. I also have rashes on my arms and armpits. The back of my eyeballs hurt a lot. I'm worried about my health.
gastroesophageal reflux disease,"I have a burning sensation in my chest and throat, and I often feel like I have to clear my throat. I also have bad breath and a bad taste in my mouth."
common cold,"I've been coughing a lot and I'm freezing. My nose is stuffed up and my face hurts. I've also been coughing up some nasty stuff, my chest hurts, and my muscles hurt. I can't smell anything."
varicose veins,"I have these large, bulging veins on my legs that are really painful. They're really visible and I'm worried about them."
migraine,"I've been having headaches, blurred vision, and acid reflux. These symptoms have been disturbing me and interfering with my usual activities."
drug reaction,I have trouble focusing and remembering things. I feel like I have brain fog.
drug reaction,I have been feeling very sick lately. I have been having chest pain and I feel very nauseous. I also sweat a lot.
gastroesophageal reflux disease,"I have a burning sensation in my throat, especially after I eat. I also sometimes get a sour or bitter taste in my mouth, which makes me feel sick."
arthritis,My neck muscles have been tight and weak lately. I've also been having trouble running and walking because my joints are stiff.
arthritis,I've been feeling really weak in my muscles and my neck has been really stiff. My joints have been swelling up and it's hard for me to move around without feeling stiff. Walking has been really painful too.
migraine,"I've been feeling really grumpy and gloomy lately, and I've also noticed a change in my vision. I think it might be a migraine."
peptic ulcer disease,"I've lost a lot of blood and iron because of my bloody stools, and now I have anaemia and feel weak."
migraine,"I have been experiencing headaches, blurred and distorted vision, and visual disturbance. These symptoms have been affecting my daily life and causing me discomfort."
psoriasis,"I have thick, scaly skin on my palms and soles. The skin is also cracked and painful."
hypertension,"I've been having headaches, chest pain, and dizziness. I've also been having trouble concentrating and focusing on my tasks."
jaundice,I have been feeling really sick lately. I have been vomiting and have a high fever. My skin has turned yellow and my urine is dark. I have also been experiencing abdominal pain. I am worried that I might have something serious.
drug reaction,"I feel like I'm going to pass out when I have a fever. My head is spinning, and my heart is racing. I can't think straight, and everything is blurry."
fungal infection,I have a rash that is spreading all over my skin and it is very itchy. I also have some discolored spots and little bumps all over my skin.
malaria,"I've been having a high fever, chills, and intense itching. I also have a headache and I'm sweating a lot. I've been feeling nauseous and my muscles are aching."
hypertension,I've been having a headache and chest pain. I've also been feeling dizzy and unstable. I'm also having problems focusing.
cervical spondylosis,I have been having a lot of pain in my back and neck. I also have a cough that produces phlegm and I feel weak and dizzy.
fungal infection,"I have red, bumpy areas on my skin that are itchy. I also have some bumps that resemble little lumps and some spots that are a different shade of skin than the rest of my body."
chicken pox,I have small red bumps on my arms and face. They are itchy and make my day very uncomfortable.
dengue,I have a high fever and a severe headache. My body aches and I feel chills every night. I also have a pain behind my eyes.
gastroesophageal reflux disease,"I have a lot of heartburn and indigestion, especially after I eat spicy or fatty foods. When I lie down or bend over, my chest discomfort gets worse. My chest hurts a lot."
hypertension,"I have been having headaches, chest pains, and dizziness. I also feel like I'm losing my balance and I can't focus."
psoriasis,"I have dry, scaly patches of skin on my knees, elbows, and scalp. These patches are often itchy and sometimes painful."
pneumonia,"I've been feeling really sick for the past few days. I have a high fever, shortness of breath, and I'm coughing up a lot of sputum. I'm also sweating, feeling chills, and I'm really tired."
psoriasis,I have been experiencing a lot of itching and redness on my skin. I have also noticed that my nails are becoming brittle and have started to develop dents. I am worried that this could be a sign of something more serious.
hypertension,"I've been feeling unwell for a while now. I have a headache, chest pain, and I feel unstable and have balance issues. I also have trouble focusing."
bronchial asthma,"I've been having a hard time breathing lately. I feel like I can't get enough air, and I'm always coughing. I've also been really tired, and I've been coughing up a lot of mucus. I'm not sure what's wrong with me, but I'm really worried."
peptic ulcer disease,I have been having bloody stools for a while now and I feel very weak and tired. I think I might have lost a lot of blood.
diabetes,"I have to pee a lot, and it's hard to hold it in. I feel dizzy and confused. I can't see very well."
impetigo,"I have a rash on my face, especially around my nose. It's red and painful, and there are some yellow sores that are oozing."
psoriasis,"I have been experiencing a red, itchy, scaly rash on my arms, legs, and torso for the past few weeks."
typhoid,I have had diarrhea for a few days now. It is very watery and smells bad. I also have a severe headache and feel like vomiting.
hypertension,"I've been having chest pains, headaches, and dizziness."
fungal infection,I have a rash that is itchy and red. It is also bumpy and has some patches that are a different color than the rest of my skin. I have also had some pimples that resemble little balls.
fungal infection,"I've been experiencing a lot of itching, which has been accompanied with a rash that appears to be growing worse over time. There are also certain areas of skin that are different colours from the rest, and I've spotted several lumps that resemble little nodes."
hypertension,"I've been having headaches, chest pain, dizziness, and trouble concentrating. I'm also feeling off balance."
varicose veins,I have noticed that my legs are swollen and the blood vessels are visible. I have swollen legs and I can see a stream of swollen veins on my calves.
fungal infection,"I've been itching a lot recently, and my skin is covered in rashy patches. There are also some areas where my skin doesn't look like its normal color, and I've had some painful lumps."
cervical spondylosis,"I've been having a lot of pain in my neck and back, and my arms and legs are numb. I've also been having problems with my balance and vertigo."
varicose veins,I have some red and inflamed skin on my legs. I think I can see some of the swollen blood vessels. I'm really worried about it.
pneumonia,I'm having trouble breathing and I'm sweating a lot. I have a lot of mucous in my throat and I feel sick. My chest hurts and my heart is racing. I'm coughing up red mucus.
jaundice,"I've been feeling really sick. I've had a fever, I've been losing weight, and I've been feeling really tired. My skin and my urine have turned yellow, and I've been having stomach pain."
jaundice,I've been feeling really sick. I've been throwing up and I'm itchy. I've also lost a lot of weight and I'm exhausted. My skin has turned yellow and my fever is high. I also have stomach ache and my urine is dark.
gastroesophageal reflux disease,"I have a feeling of food or acid backing up into my throat. I have chest pain which gets worse if I lie down. I get frequent heartburn or indigestion, after eating food and vomit it out"
hypertension,"I've been having headaches and chest pain for a few days now, and today I also started to feel dizzy and lightheaded."
arthritis,"I have been experiencing muscle weakness and stiffness in my neck, as well as swelling in my joints. This makes it difficult for me to walk around without feeling stiff and uncomfortable."
typhoid,I have been having a high fever for the past few days. It is especially bad at night. I also have a mild headache and have been constipated and having diarrhea.
jaundice,"I have been feeling very sick. I have been vomiting, I have no energy, and I have lost weight. My skin is yellow and my urine is dark. I have also been having abdominal pain."
psoriasis,I have been having pain in my joints and I have noticed that my skin is peeling in different places. I am worried that something is wrong with me.
impetigo,I have been having a fever for a few days and now I have sores near my nose. The sores are painful and I feel uncomfortable.
drug reaction,I have hair loss and there is a significant change in the texture of my hair. I have  dry and itchy sclap and increased dandruff. My skin is also getting very dry. I think it might be because of the medication I'm taking
impetigo,I have been feeling really tired and I have a fever. I have a rash on my face and it is very itchy. I can't sleep because of the rash.
impetigo,I have a fever and my nose is sore. There are red sores on my nose that are painful and have yellow stuff coming out of them.
allergy,I have a stuffy nose and nasal congestion. I sometimes have a stiff neck and chest discomfort at night. I can't taste or smell anything.
chicken pox,I have a lot of tiny red spots all over my face and neck area. They are itchy and make my day very uncomfortable.
migraine,I've been having recurrent headaches and blurred vision. I also have acid reflux and trouble digesting my food.
chicken pox,"I've been feeling really sick lately. I have a fever, swollen lymph nodes, and a headache. I don't feel like eating anything, and I'm really weak and tired. It's hard for me to concentrate on my daily life."
cervical spondylosis,I have been having back pain for a while now. It's been getting worse lately. I also have a cough that won't go away. I've been feeling weak in my arms and legs. My neck hurts and I've been feeling dizzy and off balance.
chicken pox,I have a rash with little bumps that are itchy and painful. I also have a fever and feel tired.
migraine,I have been experiencing a lot of headaches and my vision has been blurry. I have also been having trouble digesting my food and I feel like I have acid reflux.
diabetes,"I have a lot of skin irritations and rashes, especially in the creases of my skin. Any wounds or bruises I have on my skin also heal very slowly."
gastroesophageal reflux disease,"I often have a burning sensation in my throat, especially after eating. I also sometimes get a bitter or sour aftertaste that makes me feel sick."
chicken pox,I have rashes on my skin that are itchy and I have a fever. I don't know what's causing it.
drug reaction,"I've been feeling really dizzy and disoriented lately, and I've also noticed that my sex drive has decreased. I'm also having a hard time thinking clearly."
common cold,I've been sneezing and coughing for a few days now. I'm also feeling really tired and weak. My fever is pretty high.
allergy,"I have trouble breathing and I get out of breath easily. My eyes hurt and I have a dry, hacking cough. My face and body are swollen."
arthritis,"My muscles are weak and my neck is stiff. My joints are swollen, which makes it hard for me to walk without feeling stiff. Walking is also uncomfortable."
typhoid,I'm having a really bad stomach ache and diarrhea. I also have a fever and a headache. The last few days have been really unpleasant.
hypertension,"I've been having headaches, chest pain, dizziness, and trouble standing up straight. I also feel like I can't concentrate as well as I used to."
bronchial asthma,"I'm so tired and weak, and my fever is really high. It's been hard to deal with all of these symptoms, and I've also been coughing up a lot of mucus. I'm getting really frustrated."
dengue,"I have been experiencing muscle pain and headache. The muscle pain is like a constant ache that is worse when I try to use the affected muscles. I also have small red spots developing on my face, neck and arms."
hypertension,"I've been having headaches and chest pain for a while now, and it's been getting worse. I also feel dizzy and lightheaded sometimes. I'm not sure what's going on, but I'm worried."
hypertension,"I have been feeling dizzy and lightheaded, and I have also had trouble keeping my balance. I have also had a headache that has not gone away."
diabetes,I have a wound that is not healing well. My hands and feet are numb and tingling.
chicken pox,I have a bunch of red spots all over my body. They are itchy and starting to swell. I think they are spreading.
urinary tract infection,"I have a burning sensation when I pee, and my lower abdomen hurts. I also have a low temperature and feel weak."
gastroesophageal reflux disease,"I have a hard time swallowing, and I feel full even after eating a small meal. I also have heartburn, nausea, and a tingling sensation in my throat."
migraine,"I have been having headaches and distorted vision, excessive hunger, a stiff neck, depression, irritability, and visual disturbance."
fungal infection,I have a lot of itchy bumps on my skin that sometimes turn red or rough. I also have some strange pimples that look like little balls and some weird spots that are a different color than the rest of my skin.
jaundice,I've been feeling really tired and sick to my stomach. I've also been losing weight and have a fever. My urine is dark and my skin has turned yellow. I've also been having stomach pain.
cervical spondylosis,"I've been having back pain, a persistent cough, and weakness in my limbs. I also have problems with vertigo and losing my balance, and my neck hurts."
chicken pox,"I've had a fever for a few days, and it's starting to worry me. I also have a headache, and I feel weak and lethargic."
psoriasis,I have pits in my nails and I am worried about what it could be. I also have rashes on my arms and back and my joints hurt.
typhoid,"I've been feeling really sick lately. I've lost my appetite and have noticed a significant weight loss. I have abdominal pain, especially in the area of my stomach and intestines. I'm worried about my health."
fungal infection,I have a rash all over my body that is itchy and red. Some of the patches are a different color than my skin and there are some lumps or pimples on my skin.
common cold,"I've been having a runny nose and sneezing for a few days. My eyes are also red and irritated. I've been coughing a lot, and my chest feels tight. I can't smell anything, and my muscles are aching."
malaria,"I've been having chills, nausea, a high temperature, and a headache. I've also been sweating a lot and feeling muscle aches."
typhoid,I've had severe stomach pain and constipation for the last few days. I also get a headache and chills every night.
malaria,"I've been feeling really sick lately. I have a high fever, chills, and severe itching. I've also been vomiting and sweating a lot. I have a headache and my muscles are sore."
typhoid,"I have been having severe belly pain and constipation for the past few days. I also have a fever, chills, and headaches every night. I am really uncomfortable."
typhoid,I have a sharp pain in my stomach. I have also been vomiting a lot and feel very nauseous.
varicose veins,I have some veins in my legs that are bulging out. I'm concerned about it. I'm also overweight and I think that might be the cause.
bronchial asthma,"I've been having trouble breathing, and I've been coughing a lot. I'm also really tired. I've been coughing up a lot of thick, mucusy stuff. It's been really hard to deal with all of this."
migraine,"I've been having headaches, blurred vision, and acid reflux. These symptoms have been bothering me and interfering with my usual activities."
impetigo,"I have a rash that started out as small red sores near my nose and neck. The sores have gotten more painful and inflamed in recent days, and I have a high temperature."
allergy,"I have a runny nose and sneeze a lot. My eyes are itchy and watery, and I cough a lot. My head hurts all the time."
diabetes,I have a chronic dry cough. I have palpitations and my infections don't seem to be getting better. I also have a sore throat that comes and goes.
drug reaction,I have gained a lot of weight and am now very obese. I have different urges and different appetites. I have been taking a new medication for my depression.
psoriasis,"I have been experiencing a lot of skin peeling and rashes on my arms, legs, and back. I also have joint pain."
impetigo,I have red sores on my face and near my nose. The rash is spreading quickly on my neck and chest.
malaria,"I've been feeling really hot and sweaty, and I've been throwing up. I've also been having chills, and my skin is really itchy. I've been having a headache, and I've been feeling really nauseous and achy."
fungal infection,I have a rash all over my body. It is itchy and red. There are some patches that are a different color than the rest of my skin. I also have some pimples that look like little balls.
common cold,I'm tired and my neck feels swollen. My eyes are bloodshot and my throat is scratchy. My nose is stuffed up and my face feels like it's under pressure. I can't smell anything and my chest hurts.
jaundice,I've been having terrible itching and nausea. I've lost weight and am really exhausted. My skin is yellow and I have a fever. My urine is dark and I have stomach pain.
hypertension,"I've been feeling dizzy and anxious, and I've been having trouble concentrating."
common cold,I've been having a runny nose and a sore throat for a few days now. I also feel like I have a fever and my body aches.
bronchial asthma,"I've been having trouble breathing, coughing a lot, and feeling tired. I've been coughing up a lot of thick, sticky mucus and have a fever. I'm just feeling really run down and exhausted from all of this."
pneumonia,"I've been coughing a lot and feeling really cold and tired. I have a fever, and it's hard for me to breathe. I've been sweating a lot and feeling weak and sick. I've had some thick, black phlegm."
malaria,"I've been feeling really sick for the past few days. I've had a high fever, chills, and intense itching. I've also been vomiting and sweating a lot. I have a headache and my muscles are sore."
migraine,"I have been having frequent headaches and blurred vision. I also have a stiff neck, anxiety, irritability, and visual disturbance. I have also been having stomach problems, including indigestion and acidity."
bronchial asthma,I've been having trouble breathing for a few weeks now. It's especially bad when I try to exercise or when I'm around smoke or other irritants. I also have a persistent cough and I'm always tired.
chicken pox,"I have a rash on my skin that is red, itchy, and painful. It is spreading all over my body."
typhoid,I have been having some constipation and belly pain for a few days now. The pain has been getting worse and it's really affecting my daily life. I'm also feeling really tired and weak.
peptic ulcer disease,I've been having bloody stools for a while now and I'm also feeling weak and tired. I think I might have anaemia.
varicose veins,I have pain in my legs that is worse when I stand or walk for long periods of time. I also have cramps and can't run for long periods of time.
impetigo,"I have sores on my face that are weeping clear fluid. I also have a high fever and chills every night, which makes it hard for me to sleep."
arthritis,I've been feeling really weak and my neck has been stiff. My joints are swollen and it's hard to move around. Walking is really painful.
malaria,"I've been having a really high fever, chills, and nausea. I've also been sweating a lot and have a headache. My muscles are sore and I feel sick."
pneumonia,I'm having trouble breathing and feeling really sick. I'm sweating a lot and feel terrible. My chest hurts and I have a lot of mucus in my throat. My heart is racing and the color of the mucus I'm coughing up is strange.
malaria,"I've had a high fever, vomiting, chills, and intense itching. I also have a headache and am sweating a lot. I'm feeling nauseous, and my muscles hurt a lot."
impetigo,I have a rash on my nose that is red and itchy. It feels like it is burning. I think it might be an infection.
psoriasis,I've been experiencing joint pain and skin peeling. I'm worried about what's going on with my body.
fungal infection,I have these red and bumpy spots on my skin that are itchy. They're also a different color than the rest of my skin. I've had some bumps that are kind of like little lumps.
hypertension,"I've been having chest pain, dizziness, and a headache that feels like a constant pressure in my forehead."
arthritis,I have a lot of pain in my neck and my muscles feel weak. My joints are swollen and I have a lot of stiffness when I walk. Walking is also very uncomfortable.
typhoid,I have been having a fever for a few days now and it's starting to get worse. I also have a terrible stomach ache and I'm constipated.
typhoid,"I've been vomiting and having diarrhea for a few days, and I'm having a hard time staying hydrated. I also have a mild fever and stomach pain."
common cold,"I've been coughing for days. My nose is stuffy, and my face hurts. I've been coughing up phlegm, and it hurts to cough. I can't smell anything, and my muscles ache."
fungal infection,I have a rash all over my body that is really itchy. I also have some bumps that are firm and some patches that are a different color than the rest of my skin.
fungal infection,"I've been quite itchy recently, and I have rashy places all over my body. There are also some regions that don't appear to be the normal color of my skin, and I've experienced some firm lumps."
gastroesophageal reflux disease,"I have a sour taste in my mouth all the time, even when I haven't eaten anything acidic. I also get the hiccups a lot and feel like I have a lump in my throat."
peptic ulcer disease,I have abdominal pain or discomfort that is worse when I eat or drink. I have a loss of appetite and feel fatigued after going to the bathroom. I feel very tired all the time
psoriasis,"I have red, scaly patches on my skin that are itchy and painful. They are mostly on my knees, elbows, and arms, but they can also appear on my scalp and other parts of my body. I also have small dents in my nails."
pneumonia,I'm having trouble breathing and I'm sweating a lot. I feel really sick and my throat is full of phlegm. My chest hurts and my heart is racing. I'm coughing up a lot of mucus and it's red in color.
diabetes,I feel weak and tired. I can't taste or smell things as well as I used to. Sometimes my heart beats fast or I feel like I'm going to pass out.
pneumonia,"I'm having trouble breathing, and I have a really high fever. I'm sweating a lot and feeling really cold and tired. My heart is beating really fast, and I have some brownish sputum."
drug reaction,I have a lot of pain in my chest and I feel really sick to my stomach. My chest has been hurting a lot lately and I've been really shaky and anxious.
malaria,"I've been feeling really sick. I have a high fever, chills, and a headache. I've also been vomiting and sweating a lot. I'm also really itchy and my muscles hurt."
bronchial asthma,I've been feeling really tired lately and have had this cough for a few days. It's getting harder to breathe and I'm coughing up a lot of phlegm. My fever is really high too.
malaria,"I've been experiencing a lot of itching, chills, vomiting, and a fever. I also have a headache and am sweating a lot. Additionally hurting me have been nausea and muscle aches."
chicken pox,I am feeling very sick. I have no appetite and I feel like vomiting. I have also noticed some red spots on my skin. I am worried about my health.
typhoid,"I've been having a lot of stomach pain and bloating, and I've been constipated. I also have a high fever and chills."
common cold,I've been feeling really tired and sick. I've had a bad cough and sore throat. I've been shivering and have a fever. I just feel really run down.
common cold,I've been feeling really tired and nauseous. I've had a really bad cough and my throat has been sore. I've had a lot of pressure in my sinuses and my nose is stuffy. I'm feeling really yucky and exhausted.
allergy,"I have asthma, and I get wheezing and breathing problems. I also have headaches and fevers. I'm always tired."
bronchial asthma,I've been having a lot of trouble breathing lately. I've been coughing up a lot of phlegm and my chest feels tight. I'm also feeling really tired and weak.
fungal infection,I have a rash on my arms and legs that is itchy and red. There are also some weird looking spots on my skin. Sometimes the bumps feel kind of hard.
fungal infection,I have a really itchy rash on my skin and there are some weird spots that are a different color. There are also some bumps on my skin that look like little knots. I think it might be a fungal infection.
bronchial asthma,"I'm having trouble breathing, and I'm coughing up a lot of mucus. I also have a fever and feel really weak and exhausted."
diabetes,I have mood swings and have trouble concentrating. My mind feels hazy and foggy at times and it gets difficult to do even regular chores. I also have a lot of thirst and I have to pee a lot.
fungal infection,"I have a lot of itchy spots on my skin. They're sometimes red or bumpy, and sometimes they're different colors than the rest of my skin. I also get these weird bumps that look like little balls."
urinary tract infection,"I've been having frequent urges to urinate, but when I go to the bathroom, I only pass a little bit of urine. It also hurts when I pee, and my urine is cloudy and has a strong smell. I've also been feeling nauseous and have been vomiting."
allergy,"I'm having trouble breathing and I feel like I'm getting out of breath easily. My face and chest are swollen, my eyes hurt, and I have a dry, hacking cough."
pneumonia,"I'm sweating a lot and can't catch my breath. I feel really sick, my throat is full of mucus, my heart is racing, and my chest hurts. I'm coughing up thick, rusty-colored mucus."
typhoid,"I'm feeling really weak. I've been having a lot of stomach pain and constipation, and I've been vomiting a lot. I can't eat anything because of the pain."
peptic ulcer disease,I have trouble swallowing food and it feels like food is getting stuck in my throat. I also feel bloated and belch a lot. I have a bad aftertaste every time I eat.
fungal infection,"I've been really itchy lately and there are these rashy spots all over my skin. There are also some areas that don't look like the normal color of my skin, and I've had some bumps that are kind of hard. I'm not sure what it is, but I'm worried about it."
common cold,I've been feeling really run down and weak. My throat is really sore and I've been coughing a lot. I've also been feeling really cold and have a fever.
migraine,"I've been having headaches, blurred vision, and stomach problems. I also have a stiff neck, depression, impatience, and visual disturbance."
jaundice,"I've been losing weight and feeling sick to my stomach. My skin is yellow, and I have a fever. My urine is dark, and my stomach hurts."
varicose veins,I have varicose veins in my legs. They are swollen and the blood vessels are more visible than usual. The swelling seems to be getting worse over time.
pneumonia,I'm having trouble breathing. I'm coughing up a lot of mucus. My chest hurts. I'm sweating a lot. I feel really sick.
fungal infection,"I have been having a lot of itching all over my body, and I have noticed some red, scaly patches on my skin. I also have some bumps that look like small nodules."
jaundice,I've been feeling really itchy and sick to my stomach. I've lost a lot of weight and I'm exhausted. My skin is yellow and I have a fever. My urine is dark and I've been having stomach pain.
arthritis,My neck has been extremely stiff and my muscles have been extremely weak. I have difficulty moving around without feeling stiff because of the swelling in my joints. Walking is also very difficult.
allergy,I have been having a hard time eating lately. I have a sore throat and my nose is running.
psoriasis,I have cracks in my palms and soles that are painful and bleed. The skin is also peeling off.
pneumonia,"I've been feeling really sick for the past few days. I have a fever, I can't catch my breath, and I'm coughing up a lot of phlegm. My chest hurts, and my heart is racing."
drug reaction,"I'm losing my hair, and it's getting really dry and itchy. My dandruff is getting worse, and my skin is also really dry."
jaundice,"I've been feeling really sick. I've lost weight, have a fever, and I'm so tired. My skin is yellow, and my urine is dark. I've also been having stomach pain."
dengue,"I have rashes on my skin, which itch when I touch them. My joints pain all day and I don't feel good. At night, I have mild fever and get chills, which makes it difficult for me to sleep."
varicose veins,"I have been experiencing pain in my legs, especially when I exercise. The veins in my legs are also very prominent and painful. I feel fatigued all the time."
typhoid,I've been having diarrhea for a few days now. It's really uncomfortable and it comes and goes. I also have stomach aches and vomiting.
peptic ulcer disease,"I have a burning sensation in my upper abdomen, and I frequently get nauseous, heartburn, and indigestion."
pneumonia,"I have a really high fever, and I can't breathe well. My heart is racing, I'm sweating, and I feel cold and tired. I'm also about to cough up some brown phlegm."
jaundice,I have been feeling very sick. I have been vomiting and have a high fever. My skin has turned yellow and my urine is dark. I have also been experiencing abdominal pain.
cervical spondylosis,"I have been having back pain, a productive cough, and limb weakness. I also have balance and dizzy concerns, and my neck hurts."
jaundice,I have been feeling very sick lately. I have been vomiting and have a high fever. I have also lost a lot of weight and my skin has become yellow. I have been feeling very tired and have been having abdominal pain.
peptic ulcer disease,I have a burning pain in my stomach that comes and goes. I also have a lot of gas and bloating. I have been losing weight and I don't feel like eating. Sometimes I have dark and tarry stools and blood in my vomit.
diabetes,"I get rashes and skin irritations, especially in my skin's crevices. My cuts and bruises also take a while to heal."
chicken pox,I have a lot of red spots on my skin and they are spreading rapidly. I also have a mild fever and headache every night.
urinary tract infection,I've been having blood in my urine. I also feel like I'm almost feverish and sometimes get nauseous when I urinate.
malaria,"I've been feeling really sick for the past few days. I have a high fever, chills, and intense itching. I've also been vomiting and sweating a lot. I have a headache and my muscles are aching. I feel really miserable."
jaundice,"I have been feeling very sick for the past few days. I have been vomiting, having diarrhea, and feeling very tired. My skin has also turned yellow and my urine is dark. I am also experiencing abdominal pain."
drug reaction,"I'm shedding hair, and it's getting thinner. My scalp is dry and itchy, and I have dandruff. My skin is also dry."
psoriasis,"I have a skin condition that causes dry, red, scaly patches on my skin. It can be itchy and painful, and it can get worse when I'm stressed or if I'm exposed to certain triggers, like sunlight or certain chemicals."
arthritis,I've been experiencing stiffness and weakness in my neck muscles recently. My joints have grown stiff and it's hard for me to run without getting stiff. Walking is also very uncomfortable.
diabetes,I have a feeling of tremors and muscle twitching. I have decreased sense of smell or taste and I feel fatigued. Sometimes I have a feeling of rapid hearbeat or palipatations. I also have a feeling of thirst and I urinate frequently.
urinary tract infection,I have been getting blood in my pee. Sometimes I get nauseous while peeing. This often almost coincides with me having a high temperature. I also feel like I have to pee all the time.
psoriasis,I have a silver like dusting on my skin and the skin on my arms and back is starting to peel off. This is strange and really concerning me.
gastroesophageal reflux disease,I have a lot of heartburn and acid reflux. I also get nauseous and throw up after I eat.
dengue,I've been vomiting for the past few days and I have stomach cramps. I feel dizzy and weak. I also have a pain behind my eyes.
typhoid,I have been vomiting and having diarrhea for the past week. I have also lost a lot of weight and have a high fever. I have a headache and my stomach hurts.
cervical spondylosis,"I've been having back pain, a cough, and weakness in my arms and legs. My neck hurts, and I've been feeling dizzy and off-balance."
fungal infection,"I have been experiencing itching on my skin, which often leads to a rash. I also have some strange patches of skin that are a different color than the rest of my skin, and I frequently get little lumps that look like nodules."
diabetes,"I've been feeling really tired lately, and I've been having trouble losing weight. I've also been feeling really thirsty, and I've been going to the bathroom a lot more than usual."
varicose veins,"I have a rash on my legs that is red, inflamed, and itchy. It is spreading and causing a lot of discomfort."
hypertension,"I've been having a headache that feels like a sharp pain in my forehead, and I've also been feeling dizzy and having chest pain."
jaundice,"I've been feeling scratchy, sick, and worn out. I also had a high fever and lost weight. My skin and urine have turned yellow. I've also been having stomach pain."
hypertension,"I've been having a headache all day, and it's been getting worse. I also have chest pain and dizziness. I'm having trouble concentrating on my work."
varicose veins,"I have been experiencing cramps in my legs for a few days now. I think there might be a bruise on my calves, but I'm not sure."
pneumonia,I'm having trouble breathing and I feel really uncomfortable. I'm sweating a lot and my throat is full of phlegm. My chest hurts and my heart is racing. The mucus I'm coughing up is brown.
dengue,I have been experiencing back pain for a few days now. It is worse when I sit or stand for a long time. I also have rashes all over my body and a pain behind my eyes.
allergy,"I have asthma, which causes wheezing and breathing problems. I also get headaches and fevers a lot. I'm always tired."
typhoid,"I have been having diarrhea for a few days now. I have loose, watery stools and I have to go to the bathroom a lot. I also feel nauseated and have lost my appetite. I have a mild fever too."
hypertension,"I've been having trouble concentrating and focusing. I've also been experiencing balance issues, a headache, chest pain, and dizziness."
dengue,"I have been feeling very sick for the past few days. I have severe joint pain, I feel like vomiting all the time, and I have a mild headache."
bronchial asthma,"I've been having trouble breathing, coughing a lot, and feeling exhausted. I have a fever and have been coughing up a lot of thick, sticky mucus. I'm just so tired and worn out from dealing with this."
malaria,"I have a high fever, chills, nausea, and severe itching. I also have a headache and am sweating a lot. I have muscle aches and nausea."
dengue,"I have been feeling really cold, even though it's warm outside. My back hurts and I have red spots on my arms."
jaundice,"I've been losing weight and feeling really tired. My skin has turned yellow, and I have a fever. My urine is dark, and I've been having stomach pain."
drug reaction,"I'm feeling really sick. I have a fever, and I'm dizzy and nauseous. My head is pounding, and my heart is racing. I can't think straight, and everything seems fuzzy."
peptic ulcer disease,I've been losing weight and can't seem to gain it back. I use antacids to help with the pain and discomfort I feel. My mouth feels terrible.
dengue,I have been vomiting frequently and have lost my appetite as a result. My joints and back pain all the time.
arthritis,I have a stiff neck and muscle weakness. I have trouble moving around because of the swelling in my joints. Walking is painful.
common cold,I've been feeling really run down lately. My sinuses are stuffy and my eyes are red. My throat is scratchy and I've been coughing up a lot of phlegm. I also have some swollen lymph nodes.
gastroesophageal reflux disease,"I have heartburn and indigestion. I frequently vomit everything I eat, and I have trouble swallowing food because it gets caught in my throat. My upper abdomen is bothering me."
gastroesophageal reflux disease,"I have a burning sensation in my throat, especially after I eat. I also sometimes get a sour or bitter taste in my mouth that makes me feel nauseous."
allergy,"I have itchy, swollen skin. Sometimes, it flakes. My lips and cheeks are swollen and achy. The puffiness sometimes gives me headaches and runny eyes."
typhoid,"I've been feeling really sick lately. I've been having a lot of nausea and vomiting, and I've lost my appetite. I've also been feeling really weak."
cervical spondylosis,"I've been having back pain, a cough, and numbness in my arms and legs. My neck hurts too, and I've been feeling dizzy and off balance."
drug reaction,I've gained a lot of weight and am currently quite fat. I have many inclinations and cravings. I've been taking a new medication for my diabetes.
arthritis,I have been experiencing stiffness and weakness in my neck muscles recently. My joints have grown and it is hard for me to walk without getting stiff. Walking has been extremely uncomfortable.
allergy,"I'm always tired, my mouth tastes bad, and my throat itches. My muscles are hot and hurt, and sometimes my whole body cramps up."
allergy,"I have trouble breathing and get short of breath. I have a dry, hacking cough, itchy eyes, and swelling all over my face and body. I also have a runny nose and sneezing."
gastroesophageal reflux disease,"I have a hard time swallowing, and I feel full even after eating a small meal. I often have heartburn, nausea, and a tingling in my throat."
gastroesophageal reflux disease,I have a lot of heartburn and acid reflux. I also have a sore throat and bad breath. I throw up a lot.
cervical spondylosis,"I've been having back pain, a dry cough, and stiffness in my arms and legs. I've also had problems staying balanced and experience dizziness. My neck hurts, too."
migraine,"I've been having headaches, heartburn, acid reflux, and indigestion. I've also been feeling melancholy, impatient, and have had impaired eyesight and an increased appetite."
diabetes,"I've been having trouble seeing things clearly, and it seems to be getting worse. I'm also really tired all the time, and I sometimes feel lightheaded and dizzy."
allergy,I have a tickle in my throat and I'm always tired. My skin is dry and I sometimes have swelling around my eyes.
drug reaction,"I have a metallic taste in my mouth, and also have a sense of change of taste and smell. Sometimes get very unbearable joint pain and muscle pain"
impetigo,"I have a rash on my face and sores near my nose. The sores are red, painful, and have a yellow ooze."
migraine,"I've been having visual disruptions, seeing things as distorted, and eyesight difficulties."
chicken pox,I have a rash all over my body and I feel really itchy. I'm also feeling really tired and I don't have an appetite.
arthritis,"My neck has been tight and weak lately. I can't run without my joints getting tight, and walking is uncomfortable."
dengue,I have pain in my joints and back. I feel like vomiting and I am very weak. I am not able to focus on my work and don’t feel like doing anything.
chicken pox,I've been feeling hot and feverish for a few days now. I also have a rash all over my body that itches like crazy.
malaria,"I've been having a fever for a few days, and it's been getting worse. I've also been having chills, and my skin is really itchy. I have a headache, and I'm sweating a lot. My muscles are sore, and I just feel really sick."
diabetes,I have been feeling really thirsty and have been urinating a lot more than usual. My mouth and throat are always dry. I have also been feeling really hungry and have been eating a lot more than usual.
psoriasis,I have a rash on my skin that is red and itchy. It bleeds when I scratch it. I also have little dents in my nails and they are inflamed.
urinary tract infection,I've been feeling really down lately and my urine smells really bad. I can't seem to hold my urine in and my kidneys hurt. I've also been craving things I don't normally like.
psoriasis,I have been having rashes on my skin for a while now. They are not healing and are getting worse. I have also noticed that the skin on my elbows and knees is peeling. I am worried about this and would like to see a doctor.
varicose veins,I have swelling in my legs that makes it hard to fit into my shoes. I can't sprint or stand for long periods of time. I can see some swollen blood vessels.
varicose veins,"I have a lot of pain in my legs, especially when I stand for long periods of time. The skin around my veins is red and inflamed, and it is itchy. I also get regular cramps."
varicose veins,"I have cramps in my calves when I walk, and I think it's because I'm overweight. I get tired after a while of working."
varicose veins,I have some veins on my legs that are swollen and protruding from my skin. They are very noticeable and make me self-conscious.
impetigo,I have a rash on my face that is getting worse. It is very painful and has started to ooze yellow fluid.
malaria,"I'm experiencing a high fever, chills, nausea, and severe itching. I also have a headache and have been sweating a lot. I've also been experiencing muscle aches."
bronchial asthma,I've been coughing a lot and I'm really tired. I've been coughing up a lot of thick mucus and my fever is pretty high.
malaria,"I'm really sick. I have a fever, chills, and a headache. I've been vomiting and sweating a lot. I also have muscle pain and nausea."
gastroesophageal reflux disease,I have a lot of acid reflux and stomach pain. I also throw up a lot after I eat.
chicken pox,I have a rash all over my body. It's really itchy and I feel really sick.
common cold,"I've been sneezing a lot, and my eyes are constantly watering. My nose is stuffy, and it's hard to breathe. I'm tired all the time, and I've been coughing up a lot of phlegm. My lymph nodes are also swollen."
migraine,I've been having problems with my vision. I've been seeing things as distorted and my eyesight has been blurry.
bronchial asthma,"I've been having trouble breathing, coughing a lot, and running a fever. I've also been coughing up a lot of thick, mucusy stuff, and I'm feeling really tired. I'm not sure what's going on, but I'm not feeling well."
common cold,"I've been feeling really run down lately, and I just can't seem to shake this cold. My nose is always running, and I'm coughing up all this gunk. My throat is sore, and I've got a headache. I'm also feeling really tired and achy."
allergy,"I'm dizzy, nauseated, and shaky. My throat is swollen, so I'm having trouble breathing. Sometimes, throughout the night, my chest hurts and I feel sick."
arthritis,"My muscles have been weak, and my neck has been stiff. My joints are swollen and it's hard to move around. Walking is really painful."
common cold,"I've been feeling really sick lately. My eyes are red and watery, and I've had this pressure in my sinuses that won't go away. I'm always feeling tired and I've been having a lot of trouble breathing. I've also had a lot of gunk in my throat and my lymph nodes are swollen."
arthritis,My muscles have been weak and my neck has been stiff. My joints have swollen and it's hard to move without getting stiff. Walking is uncomfortable too.
psoriasis,I have small dents in my nails and they are often inflamed and tender to the touch. I also have minor rashes on my arms.
diabetes,"I have a dry cough that won't go away. I also have palpitations and my infections don't seem to be getting better. Sometimes my throat hurts, but it seems to get better."
allergy,I have a lot of sneezing and a sore throat. My lips and the skin around my eyes will sometimes swell up. I can't stop sneezing once I start.
dengue,"I've been feeling really tired and weak, and I can't seem to get enough sleep. I've also noticed some small red spots on my arms and legs. "
malaria,"I have a really high fever, and I've been perspiring a lot. I've also been experiencing chills, vomiting, and severe body itchiness. I feel queasy and have a headache. My muscles are in excruciating discomfort."
peptic ulcer disease,I have been losing weight and having trouble gaining weight. I have pain and discomfort in my stomach that is relieved by taking antacids. My mouth tastes bad.
bronchial asthma,"I've had this cough for days, and it's really hard to breathe. I'm also really tired and weak, and I have a fever. I've been coughing up a lot of mucus, and it's just been really hard to deal with all of this."
hypertension,"I've been having trouble with my balance, I've been having chest pains, headaches, and pains all over my body. I've also been having trouble focusing."
chicken pox,I have a rash on my skin that is spreading rapidly. It is very itchy and I can hardly sleep at night.
gastroesophageal reflux disease,"I have a sour taste in my mouth, and sometimes I have trouble swallowing."
peptic ulcer disease,"I have a burning pain in my stomach that comes and goes. It is worse when I eat certain foods, like spicy or acidic food. I also get loose stools sometimes."
diabetes,I have a wound that doesn't seem to heal. My hands and feet are numb and tingly.
allergy,I have trouble breathing and my face and chest are swollen. My eyes are itchy and I have a dry cough.
urinary tract infection,"I have been experiencing a burning sensation when I urinate, and my urine is frequently black, red, and has a really strange odour. I have also been experiencing temperature changes very regularly, which usually prevents me from sleeping at night."
malaria,"I've been feeling really unwell and have been scratching a lot. I have a high fever, chills, nausea, and muscle pain. I've also been sweating a lot."
malaria,"I've been feeling really sick lately. I've had a fever, chills, and intense itching. I've also been vomiting and have a headache. I've been sweating a lot and feel really uncomfortable."
arthritis,"I've been having a lot of pain in my joints, and it's been hard to move around. I've also been feeling really tired and weak."
varicose veins,My legs hurt a lot when I stand or walk for a long time. I get cramps when I do physical activities. I also have bruise marks on my legs.
psoriasis,I have a silver-like powder on my back and elbows. My nails are slightly dented. My joints are experiencing excruciating discomfort. 
diabetes,I have been feeling very thirsty and hungry lately. I also feel very tired at times.
fungal infection,I have a rash that is itchy and sometimes red and rough. I also have little pimples that look like tiny balls and some spots that are a different color than the rest of my skin. It really irritates me and itches.
migraine,"I have been experiencing headaches, blurred and distorted vision, and excessive hunger. These symptoms have been affecting my daily life and causing me discomfort."
bronchial asthma,"I've been coughing a lot and I can't seem to get rid of it. I'm also short of breath and I've been coughing up a lot of thick, mucusy saliva. I feel really tired and weak."
allergy,"I have a runny nose and sneeze a lot. My eyes are sore and watery, and I have a hoarse voice. My head hurts all the time."
cervical spondylosis,"I have back pain, difficulty breathing, and weakness in my limbs. I also have balance and dizziness issues, and my neck hurts."
bronchial asthma,"I've been feeling really tired and weak, and I have a cough that won't go away. My fever is really high, and it's hard to breathe. I've been coughing up a lot of mucus."
hypertension,"I've been having trouble concentrating and focusing. I've also been having headaches, chest pain, and dizziness. I feel like I'm off balance."
urinary tract infection,I have blood in my urine and sometimes get nauseous when I pee. I also have a bad smell in my urine and sometimes get high temperatures at night. I'm worried about it. Can you help me?
common cold,"My nose is always stuffy and congested, and my eyes are always red and itchy. I feel unwell and fatigued, and I keep coughing up this gunk. I have a scratchy, irritated throat, and my neck's lymph nodes are swollen."
hypertension,"I've been having a headache and chest pain for a few days, but today I've also been feeling dizzy and unsteady on my feet."
hypertension,"I've been feeling dizzy and lightheaded, and I've been having trouble balancing. I've also had a headache that won't go away."
chicken pox,I have a rash all over my body that is itchy and painful. I also have a fever and feel tired.
typhoid,"I've had a headache for the past week. It's been getting worse. I've also had belly aches, constipation, and diarrhea."
cervical spondylosis,"I've been having pain in my neck, arms, and legs. I've also been having trouble staying balanced and without getting woozy."
peptic ulcer disease,I have a sour taste in my mouth. I burp and belch a lot. I have a feeling of pressure or fullness in my upper belly.
dengue,I've been shivering and shivering and I feel cold. My fever is really high. I have rashes on my arms and red patches on my neck.
urinary tract infection,"I've had a fever for the past four days, and my urine is bloody. My head hurts a lot, and my urine smells terrible. I don't feel like I can control when I need to pee."
cervical spondylosis,"I've been having a lot of trouble with my neck. It's been hurting, and I've been having problems with vertigo and balance loss. I've also been having a persistent cough, weakness in my arms and legs, and severe back pain."
typhoid,I have been experiencing abdominal pain for a few days now. It is really painful and I have also been constipated and vomiting. I am worried about my health.
jaundice,"I have been feeling very sick lately. I have been having severe itching, vomiting, and fatigue. I have also lost weight and have a high fever. My skin has turned yellow and my urine is dark. I am also experiencing abdominal pain."
dengue,I have been experiencing a high fever for the past few days. I also feel weak and my muscles pain. I cannot work all day because of this.
urinary tract infection,I have blood in my urine and I have a low fever. I have a headache and I have to pee a lot. I have pain in my lower back. 
gastroesophageal reflux disease,"I have a tendency to burp and belch regularly. I often get chest discomfort that radiates to my arm, jaw, and neck. My chest feels tight and stressed."
malaria,"I have a high fever, chills, nausea, and a headache. I also have muscle aches and a lot of sweating."
dengue,"I have a fever and chills, and my whole body is aching. I also have a loss of appetite and some red spots on my back and neck."
pneumonia,"I've been feeling really weak and cold lately, and this cough won't go away. It hurts in my chest when I cough, and my heart is pounding. I've been coughing up mucus that's a rusty brown color."
diabetes,"I'm always thirsty and hungry, and I have to pee all the time. I've also lost a lot of weight recently, and I'm always tired."
hypertension,"I was walking and suddenly felt a headache, chest pain, and dizziness. I've been having trouble concentrating and focusing since then."
hypertension,"I've been feeling lightheaded and dizzy, and I've also been having trouble concentrating."
common cold,I've been sneezing a lot and my nose is running. I'm also really tired and my head hurts. I think I have a fever too.
cervical spondylosis,"I've been having back pain, a hacking cough, and numbness in my arms and legs. My neck hurts too, and I've been having trouble staying balanced and without getting lightheaded."
migraine,"I have been experiencing headaches, as well as blurred and distorted vision, excessive hunger, a stiff neck, depression, irritability, and visual disturbance"
migraine,"I have been having a lot of headaches, and they are really bad. I also have some vision problems, and I feel really sick to my stomach."
diabetes,I've been drinking a lot more water and going to the bathroom a lot more often. My mouth and throat are always dry. I've been really hungry and eating a lot more lately.
hypertension,"I have been having headaches, chest pains, and lightheadedness. It is hard for me to concentrate at work."
migraine,"I've been having frequent headaches, stomach acid, indigestion, hazy and distorted vision, increased appetite, stiff neck, depression, irritation, and visual distortion."
migraine,I've been having a lot of headaches and blurred vision. I also feel like I'm always hungry and my neck is sore. I've been feeling really irritable and sad too.
typhoid,"I've been having abdominal pain for a few days now. It's been coming and going, but it's really unpleasant. I've also been constipated and vomiting. I'm really concerned about my health."
urinary tract infection,"I've been having a strange odor in my urine, it's been red or black, and both. My body temperature has been fluctuating a lot, and it keeps me up at night."
drug reaction,I have a metallic taste in my mouth and my tongue feels weird. I also have joint and muscle pain.
peptic ulcer disease,"I have a constant hunger and I eat a lot. My stomach hurts and cramps sometimes. I have gas and bloating after I eat, and it hurts a lot."
urinary tract infection,"I've been having blood in my urine. I also feel sick after I pee, and I've been running a fever."
diabetes,"I have trouble breathing, especially when I exercise. I sweat and get flushed for no reason. I get yeast infections and urinary tract infections a lot."
typhoid,"I've been feeling really sick. I have a fever, chills, and my stomach hurts really bad. I've been feeling this way for a few days now, and I can't seem to get rid of it."
typhoid,"I've been having diarrhea and constipation, which is really bothering me. I have a really bad stomachache, and I'm always tired and don't want to eat."
migraine,"I have been having headaches for a long time. They are usually on one side of my head and are very painful. I also get nausea, vomiting, and sensitivity to light and sound."
varicose veins,I have a burning ache in my legs that gets worse when I stand or walk for long periods of time.
fungal infection,"I have red spots all over my body, and they are itchy. Some of the spots are a different color than my skin. I also have some lumps or pimples on my skin."
chicken pox,I have small red spots all over my body. I'm worried about them. I'm also very tired and have a mild fever every night.
fungal infection,I have a rash all over my body that is red and itchy. I also have some small bumps that look like pimples and some strange patches that are a different color than the rest of my skin.
urinary tract infection,I sometimes have blood in my urine and I feel a little sick. I also sometimes have really bad smelling pee and I get really hot at night.
peptic ulcer disease,I have a stomach pain that keeps me up at night. I get tired after using the bathroom and I don't want to eat. I worry all the time.
urinary tract infection,I have pain in my pelvic area and I vomit a lot. Sometimes there is blood in my pee and it smells really bad. I also get headaches and have trouble sleeping.
pneumonia,"I'm having trouble breathing, and my fever is really high. I'm sweating and shivering. My heart is racing, and I'm really tired. I'm also about to cough up some brown phlegm."
chicken pox,"I have a lot of red spots all over my body. They are itchy and I have a fever, headache, and feel exhausted."
arthritis,"I've been having a lot of pain in my joints, especially my knees and ankles. They're really stiff and it's hard for me to move around. I've also been feeling really weak and tired."
arthritis,My joints have been hurting a lot lately. I've been having a lot of trouble moving around and it's been really painful to walk.
peptic ulcer disease,"I've had a change in my bowel movements. They've been both constipated and diarrheal. I have no energy, no appetite, and I feel exhausted all the time."
common cold,"I have a really bad cold. I'm coughing up a storm, and my sinuses are completely blocked. I can't smell anything, and my chest hurts. My muscles are also really achy."
peptic ulcer disease,I'm having trouble sleeping because of stomach pain. I'm also tired after using the bathroom and I don't have much of an appetite. I'm feeling pretty anxious all the time.
varicose veins,I have cramps in my calves and it is difficult for me to walk. I feel tired after working for some time. I think it is because I am obese.
peptic ulcer disease,I have a burning pain in my stomach that comes and goes. I also have a loss of appetite and energy and often feel very fatigued.
allergy,"I'm always tired, my taste is off, and my throat is really scratchy. I also have muscle pain and heat. My whole body cramps up sometimes."
dengue,"I've been having a lot of joint pain, and it's been really hard to walk. I've also lost my appetite, and I feel really weak and nauseous."
chicken pox,I have small lymph nodes on my arms and face that are starting to swell. I've been really miserable all day because of the constant itching and pain.
psoriasis,"I've been having joint pain in my fingers, wrists, and knees for a few weeks now. The pain is usually aching and throbbing, and it gets worse when I move my joints. I've also noticed some red, scaly patches on my skin."
hypertension,"I've been having trouble concentrating and focusing, and I've been feeling dizzy. I've also had a headache and chest pain."
arthritis,I've been feeling really weak in my muscles lately and my neck has been really stiff. My joints have been swollen and it's hard for me to move around. It's also been painful to walk.
psoriasis,"I have a rash on my skin that is red, itchy, and scaly. It is worse in the winter months when the air is dry. I have to moisturize more frequently and use humidifiers to keep my skin hydrated."
malaria,"I've been having chills, nausea, a high temperature, and severe muscle pain. I also have a headache and I'm sweating a lot."
drug reaction,I have been experiencing changes in my menstrual cycle and unexpected vaginal discharge. I also have been feeling agitated and moody.
arthritis,My neck has been really tight and my muscles have felt weak. I can't move around without getting stiff and my joints are swollen. Walking is really uncomfortable.
pneumonia,"I'm burning up, and I can't catch my breath. I'm sweating and shivering, and I'm so tired. My heart is racing, and I'm coughing up brown stuff."
varicose veins,I have been experiencing pain and swelling in my legs. The pain is worse when I stand for long periods of time.
peptic ulcer disease,"I have a lot of hunger and I can't seem to get enough to eat. My stomach hurts and cramps sometimes. After I eat, I get really bad gas and bloating."
psoriasis,"I have been experiencing a lot of fatigue and a general feeling of malaise. I often feel tired and have a lack of energy, even after a good night's sleep. I have also been experiencing some joint pain and stiffness, especially in my knees and ankles."
bronchial asthma,I've been coughing a lot and it's hard to breathe. I've been coughing up a lot of mucus and my fever is high.
gastroesophageal reflux disease,I have a burning sensation in my throat that comes and goes. It's worse after I eat and sometimes I get a sour or bitter taste in my mouth. I also get nauseous sometimes.
impetigo,I have a rash on my face. It is made up of blisters. The blisters have a yellow fluid coming out of them.
malaria,"I have a fever, chills, and severe itching. I also have a headache and am sweating a lot. I feel awful and have nausea and muscle aches."
malaria,"I've been feeling really sick lately. I've been having a high fever, chills, and severe itching. I've also been vomiting and sweating a lot. I have a headache and nausea, and my muscles are sore."
varicose veins,I have noticed that my legs are swollen and have dark purple veins. They are not painful but are concerning to me.
arthritis,I've been having a lot of pain in my joints and my neck has been really tight. It's hard for me to move around without getting stiff and it's really painful to walk.
bronchial asthma,"Hey mom and dad, I've been feeling really tired lately and I have a cough that won't go away. My fever is really high and my breathing has become shallow. I've also been coughing up a lot of mucous, thick sputum."
dengue,"I have been feeling chills and shivering, and I have a high fever. I also have rashes on my arms and red spots on my neck."
common cold,I have a really bad cold. My nose is running and my eyes are all red and swollen. I've been coughing a lot and my chest feels really heavy. I can't smell anything and my muscles are really sore.
diabetes,I'm always thirsty and I pee a lot. I feel really tired and I'm always getting lost. I can't see very well anymore.
pneumonia,I'm having trouble breathing and I'm really uncomfortable. My throat is full of phlegm and I'm sweating a lot. My heart is racing and my chest hurts. I'm coughing up red mucus.
malaria,"I have a really high fever, I'm so itchy, I'm shaking and I've been throwing up. I've also got a headache and I've been sweating a lot. I'm also feeling really sick to my stomach and my muscles are aching."
typhoid,"I've been vomiting and having diarrhea for a few days. I've also been having a fever, constipation, and headache. I'm having a hard time staying hydrated."
arthritis,"I've been experiencing muscular weakness and stiffness in my neck recently. My joints have swollen, making it hard for me to move around without getting stiff. Walking has also been very painful."
dengue,I have been feeling sick to my stomach and have been throwing up. My head hurts really bad and I have some red spots on my arms.
varicose veins,My legs have been swollen for a few days. I can see the veins bulging out of my skin. This is not normal for me.
urinary tract infection,"I have a fever and my stomach hurts. I have to pee all the time, and it hurts when I do. The pain is always there, and it gets worse at night. My pee smells bad."
diabetes,I have a dry cough that just won't go away. I also have this problem with my infections not healing and I have palpitations.
common cold,I've been feeling really sick. I have a runny nose and a lot of congestion. I've been coughing a lot and I have a lot of chest pain. My fever is really high and I've been feeling really achy.
diabetes,"I have breathing problems, especially when I'm outside. I'm suddenly flushed and perspiring. I get yeast infections and urinary tract infections a lot."
drug reaction,"I've been having headaches and migraines, and I can't sleep. I've been shaking and shivering all over. Sometimes I feel lightheaded."
typhoid,I have diarrhea and a severe pain in my belly. I don't want to eat anything and I have a headache.
gastroesophageal reflux disease,I have heartburn and indigestion. I often vomit whatever I eat and have difficulty swallowing food. I have a nagging pain in my upper abdomen. I have a hard time sleeping because of the pain.
pneumonia,"I've been feeling really sick lately. I've been coughing a lot, and I've been having trouble breathing. I've also been having chills and a fever. I've been feeling really weak and tired. I've also been coughing up a lot of phlegm."
drug reaction,I have a lot of nausea and chest pain. My chest has been hurting for a while now. I shiver a lot and I'm really anxious.
hypertension,"I have been having a headache, chest pain, dizziness, and trouble with my balance. It has also been hard for me to focus and concentrate."
fungal infection,"I've been having a lot of itching on my skin, and sometimes it turns into a rash. There are also some weird patches of skin that are a different color than the rest of me, and sometimes I get little pimples that look like nodules."
varicose veins,I have swelling in my legs and it is causing me to have difficulty fitting into my shoes. It also causes discomfort when I sit for long periods of time.
urinary tract infection,I have been having a lot of pain when I urinate and it burns. I also have a fever and I feel like I have to urinate all the time.
cervical spondylosis,"I've been having back pain, a chronic cough, and muscle weakness. I'm also dizzy and losing my balance, and my neck hurts."
drug reaction,"I feel really sick when I have a fever. I get really nauseous and lightheaded, and my heart pounds really fast. I can't think straight, and everything feels hazy."
drug reaction,"I've been having migraines and headaches, and I can't sleep. My muscles are twitching and trembling, and I feel dizzy."
pneumonia,"I've been feeling really run down lately. I've had a cough that just won't go away, and it's starting to hurt when I cough. My chest feels tight, and my heart is racing. I've also been coughing up some phlegm that's a weird color."
psoriasis,"I've had this rash on my arms, legs, and chest for a few weeks. It's red and itchy, and it's covered in dry, scaly spots. I also have some pain in my joints."
allergy,"I have a runny nose, sneezing, watery eyes, and a cough. My head hurts too."
arthritis,"I've been having a lot of pain in my joints, and they're all swollen. I'm also having trouble moving around because of the stiffness."
varicose veins,"My veins are bulging and painful. I can't stand for long periods of time, as it causes pain in my legs, similar to cramps."
migraine,"I have been having headaches for a while now. They are very painful and make me feel sick. I also have nausea, vomiting, and sensitivity to light and sound."
impetigo,I have a rash on my face that is very painful and inflamed. The sores are weeping clear fluid and it is getting worse every day.
allergy,I have a stuffy nose and nasal congestion. I sometimes have chest discomfort during the night. I can't smell or taste anything.
pneumonia,"I've been feeling really sick lately. I've had a fever, chills, fatigue, a cough, and difficulty breathing. I've also been sweating a lot and just feeling really weak. I've also had some phlegm that's been really thick and dark."
psoriasis,"I have been experiencing a skin rash on my arms, legs, and torso for the past few weeks. It is red, itchy, and covered in dry, scaly patches."
psoriasis,"My skin has been peeling, especially on my knees, elbows, and scalp. This peeling is often accompanied by a burning or stinging sensation."
psoriasis,"I have been experiencing joint pain in my fingers, wrists, and knees. The pain is often achy and throbbing, and it gets worse when I move my joints."
psoriasis,"There is a silver like dusting on my skin, especially on my lower back and scalp. This dusting is made up of small scales that flake off easily when I scratch them."
psoriasis,"My nails have small dents or pits in them, and they often feel inflammatory and tender to the touch. Even there are minor rashes on my arms."
psoriasis,The skin on my palms and soles is thickened and has deep cracks. These cracks are painful and bleed easily.
psoriasis,"The skin around my mouth, nose, and eyes is red and inflamed. It is often itchy and uncomfortable. There is a noticeable inflammation in my nails."
psoriasis,My skin is very sensitive and reacts easily to changes in temperature or humidity. I often have to be careful about what products I use on my skin.
psoriasis,"I have noticed a sudden peeling of skin at different parts of my body, mainly arms, legs and back. Also, I face severe joint pain and skin rashes."
psoriasis,"The skin on my genitals is red and inflamed. It is often itchy, burning, and uncomfortable. There are rashes on different parts of the body too."
psoriasis,"I have experienced fatigue and a general feeling of malaise. I often feel tired and have a lack of energy, even after a good night's sleep."
psoriasis,"The rash on my skin has spread to other parts of my body, including my chest and abdomen. It is itchy and uncomfortable, and it is often worse at night. I am also facing skin peeling."
psoriasis,The rash on my skin is worse in the winter months when the air is dry. I find that I have to moisturize more frequently and use humidifiers to keep my skin hydrated.
psoriasis,"I have experienced difficulty sleeping due to the itching and discomfort caused by the rash. There are small dents in my nails, which is really concerning."
psoriasis,"My skin is prone to infections due to dry, flaky patches. I am experiencing a strong pain in my joints. The skin on my knees and elbows is starting to peel off."
psoriasis,"I am starting to have rashes on my skin. The rash often bleeds when I scratch or rub it. Moreover, I have noticed small dents in my nails."
psoriasis,"I have noticed that my skin has become more sensitive than it used to be. There is a silver like dusting on my skin, especially on my back and elbows."
psoriasis,"I am worried about the constant peeling of the skin on my palm, elbow and knee. I have developed rashes on my arms, which itch if I touch them. All of these are making my life quite discomforting and miserable."
psoriasis,"There is strange pain in my joints. Also, I have noticed strange peeling of skin in different parts of my body. I am afraid there is something wrong going on with my body."
psoriasis,"My nails have small dents on them. Even my joints have started to pain severely. There is a silver like dusting on my skin, particularly in my back."
psoriasis,"The rashes on my skin are not healing. Moreover, I have noticed a sudden peeling of the skin, especially the skin on my elbows and knees. I am really worried about this."
psoriasis,"For the past few weeks, I've had a skin rash on my arms, legs, and chest. It's red and irritating, with dry, scaly spots. I have a strange pain in my joints too."
psoriasis,"My skin is peeling, particularly on my knees, elbows, and scalp. This peeling is frequently accompanied by a stinging or burning feeling."
psoriasis,"I'm having joint discomfort in my fingers, wrists, and knees. The pain is frequently aching and throbbing, and it worsens when I move my joints."
psoriasis,"My skin has a silvery film, particularly on my back, arms and scalp. This dusting is composed of tiny scales that easily peel off when scratched."
psoriasis,"I have red and inflammatory skin around my mouth, nose, and eyes. It is frequently irritating and unpleasant. Recently, it has got very painful."
psoriasis,My skin is extremely sensitive and quickly irritated by changes in temperature or humidity. My nails have developed dents on them. I am worried about this sudden change.
psoriasis,"I've seen a sudden peeling of skin on various regions of my body, mostly my arms, legs, and back. In addition, I have significant joint pain and skin rashes. The rash is spreading to different parts of my body."
psoriasis,"My genital skin is red and irritated. It is frequently irritating, burning, and unpleasant. There are also rashes in various places of the body. Also, I have a strange pain in my joints."
psoriasis,"I've had trouble sleeping because of the itching and pain produced by the rash. My nails have little dents, which is really alarming. There is a noticeable inflammation in my nails."
psoriasis,"Because of dry, flaky areas on my skin, I am prone to infections. My joints are in excruciating agony. The skin on my knees and elbows is beginning to flake."
psoriasis,"My skin is breaking out in rashes. When I scratch or rub the rash, it frequently bleeds. In addition, I've observed little dents in my nails. There is a noticeable inflammation in my nails."
psoriasis,"I've observed that my skin is more sensitive now than it used to be. My skin has a silvery film, especially on my back and elbows."
psoriasis,"My palms and soles have grown and developed severe fissures. These cracks are unpleasant and frequently bleed. Also, the skin is starting to peel off."
psoriasis,"My nails are starting to have small pits on them. I am worried and don't know what is causing it. Also, my joints pain and there are rashes on my arms and back."
psoriasis,"There is a silver like dusting on my skin. Moreover, the skin on my arms and back are starting to peel off. This is strange and really concerning me."
psoriasis,"My skin rash has extended to other areas of my body, including my chest and belly. It is irritating and unpleasant, and it is frequently worst at night. I'm also experiencing skin flaking."
psoriasis,"My skin rash gets worse in the winter when the air is dry. To keep my skin moisturized, I have to moisturize more regularly and use humidifiers. I am also facing joint pain."
psoriasis,I've had trouble sleeping because of the itching and pain produced by the rash. My nails have little dents. I am also experiencing skin peeling in different parts of my body.
psoriasis,"My skin is peeling in places, especially on my knees, elbows, and arms. This peeling is often accompanied by a painful or burning sensation. I am also developing small dents on my nails, which is really concerning."
psoriasis,"My skin has a silvery layer over it, especially on my back and arms. This dusting is made up of small scales that peel off readily when rubbed. Also, there are rashes all over my body."
psoriasis,"My arms, face and back are all red and irritated. It is frequently irritating and unpleasant. My nails have a strange inflammation and have developed small dents. I have never seen anything like this."
psoriasis,"I've had trouble sleeping because of the itching and pain produced by the rash. My nails have little dents, which is really alarming. Moreover, my joints pain everyday and I have no idea what is causing it."
psoriasis,My fingers and soles have pretty thick skin that is cracked severely. These fractures hurt and bleed frequently. The fractures are itchy and covered with scales.
psoriasis,"My skin has changed from being less sensitive to being more sensitive. My skin has a silvery coating, especially on my back, elbows and knees."
psoriasis,"My nails are slightly dented. Even my joints are now experiencing excruciating discomfort. My skin has a silver-like powder, especially on my back and elbows. "
psoriasis,"I've had trouble falling asleep because of the rash's pain and itching. The skin on my fingers are starting to peel off. My nails have a few tiny cracks, which is really worrying. "
psoriasis,"My joints are experiencing an unusual discomfort. Additionally, I've experienced weird skin peeling in various places on my body. I'm concerned that something is wrong with my body. "
psoriasis,"I am starting to have rashes on my arms and neck. The rash often bleeds and hurts when I scratch it. I have also developed small dents in my nails, which is very strange."
psoriasis,"Because of dry, flaky areas on my skin, I am prone to infections. My joints are in extreme pain . My knees and elbows' skin are starting to peel off."
varicose veins,"I have a rash on my legs that is causing a lot of discomforts. It seems there is a cramp and I can see prominent veins on the calf. Also, I have been feeling very tired and fatigued in the past couple of days."
varicose veins,"My calves have been cramping up when I walk or stand for long periods of time. There are bruise marks on my calves, which is making me worried. I feel tired very soon."
varicose veins,"There is bruising on my legs that I cannot explain. I can see strange blood vessels below the skin. Also, I am slightly obese and I am really worried."
varicose veins,I am overweight and have noticed that my legs are swollen and the blood vessels are visible. My legs have swollen and I can see a stream of swollen veins on my calves.
varicose veins,"The veins on my calves have become very prominent and causing discomfort. I can't stand for long periods of time, as it causes pain in my legs, similar to cramps."
varicose veins,The skin around the veins on my legs is red and inflamed. I believe I can see some of the swollen blood vessels. I am really worried about it.
varicose veins,Standing or walking for long periods of time causes a lot of pain in my legs. I get cramps upon doing physical activities. There are bruise marks on my legs too.
varicose veins,The cramps in my calves are making it difficult for me to walk. I feel fatigued after working for some time. I believe obesity is the reason behind this.
varicose veins,"The swelling in my legs has gotten worse over the past few weeks. Now, a large number of veins are noticeable on my calves, which is making me worried."
varicose veins,The veins on my legs are very noticeable and cause me discomfort. It seems like there is a major bruise and I get cramps when I run.
varicose veins,The skin on my calves has become inflamed and red. My legs hurt if I try to run or do any physical activities.
varicose veins,"Recently, the pain in my calves has been constant and becomes worse when I stand or walk for long periods of time. My legs have started to swell and also some blood vessels are quite noticeable."
varicose veins,The veins in my legs are causing discomfort and difficulty sleeping at night. I have no idea why it is happening. I get cramps when I sprint.
varicose veins,The swelling in my legs is causing me to have difficulty fitting into my shoes. I can't sprint or stand for long periods of time. I can see some swollen blood vessels.
varicose veins,I have noticed cramps in my calves are becoming more frequent and intense. It is causing me a lot of discomforts. I am also overweight and my legs have started to swell.
varicose veins,The veins on my legs cause a lot of discomforts when I sit for long periods of time.
varicose veins,The rash on my legs is spreading and becoming more severe. It has become very difficult for me to run.
varicose veins,My legs are causing a lot of discomforts when I exercise. I get frequent cramps and the blood vessels have become quite noticeable.
varicose veins,The prominent blood vessels on my calves are causing self-consciousness and embarrassment. I believe the problem is because of my overweight.
varicose veins,The skin around the veins on my legs is dry and flaky. It seems there is a major bruise and my legs have started to swell.
varicose veins,I have been experiencing a rash on my legs that is causing a lot of irritation and discomfort. It is red and inflamed and appears to be spreading.
varicose veins,"Recently, my calves have been cramping up frequently, especially when I am walking or standing for long periods of time. Also, the veins are very noticeable."
varicose veins,I have noticed that there are bruises on my legs that I cannot explain. They are not painful but are concerning to me.
varicose veins,"As I am overweight, I have noticed that my legs are swollen and the blood vessels are more visible than usual. The swelling seems to be getting worse over time."
varicose veins,The veins on my calves are very prominent and are causing me a lot of discomforts. They are swollen and protrude from my skin.
varicose veins,"The skin around the veins on my legs is red, inflamed, and itchy. It is causing a lot of discomforts and I am starting to get regular cramps."
varicose veins,Standing or walking for long periods of time has been causing a lot of pain in my legs. It feels like a cramp and becomes worse the longer I am on my feet.
varicose veins,The cramps in my calves have been making it difficult for me to walk and do my daily activities. They come on suddenly and last for several minutes.
varicose veins,The swelling in my legs has gotten worse over the past few weeks and is causing me difficulty fitting into my shoes. It is also causing discomfort when I sit for long periods of time.
varicose veins,"The veins on my legs are very noticeable and are causing me a lot of discomforts. They are swollen and protrude from my skin, making them visible through my clothing."
varicose veins,"The skin on my calves is itchy and inflamed, causing a lot of discomfort and difficulty sleeping at night. The blood vessels have started to protrude out, which is concerning."
varicose veins,The pain in my calves is constant and becomes worse when I stand or walk for long periods of time. I am getting constant cramps and can't run for longer periods of time.
varicose veins,"The veins in my legs are causing discomfort and difficulty sleeping at night. They are swollen and protruding from my skin, making them noticeable and painful."
varicose veins,The swelling in my legs is causing me to have difficulty fitting into my shoes and is causing discomfort when I sit for long periods of time.
varicose veins,"The cramps in my calves are becoming more frequent and intense, making it difficult for me to walk and do my daily activities."
varicose veins,"The veins on my legs are causing a lot of discomforts when I sit for long periods of time. They are swollen and protruding from my skin, making them painful and noticeable."
varicose veins,"The rash on my legs is spreading and becoming more severe. It is red, inflamed, and itchy, causing a lot of discomfort and difficulty sleeping at night."
varicose veins,"My legs have been causing a lot of discomforts when I exercise. They feel heavy and swollen, and the veins are prominent and painful. I feel fatigued all the time."
varicose veins,"The prominent veins on my calves are causing self-consciousness and embarrassment. They are swollen and protrude from my skin, making them very noticeable."
varicose veins,"The skin around the veins on my legs is dry and flaky, causing discomfort and irritation. I am also starting to get frequent cramps."
varicose veins,"I have a rash on my legs that is giving me a lot of pain. There appears to be a cramp, and I can see visible veins on the calf."
varicose veins,My veins of legs have become more visible and swollen than normal. They are visible through my skin and it hurts when I move.
varicose veins,"Walking is tough for me because of cramps in my calves. Obesity, I believe, is the cause of this. After a while of working, I'm exhausted."
varicose veins,The blood vessels on my legs are quite visible and give me a lot of pain. They're large and protrude from my skin. It is unusual and I am worried about it.
varicose veins,My legs' swelling has become worse over the last couple of days. I can see the blood vessels protruding out of the skin. This is quite unusual.
varicose veins,Long durations of standing or walking have caused severe discomfort in my legs. It's a burning ache that gets worse the longer I'm on my feet.
varicose veins,"My legs' skin around the veins is unusual. There appears to be a large bruise. Nowadays, I get frequent cramps when I sprint or run."
varicose veins,"I am experiencing too many cramps in the last couple of days. I think something is not right. I believe there is a small bruise on my calves, but I am not sure about it."
varicose veins,"The veins in my calves are protruding out quite unusually. I am worried about it. Also, I am overweight and I believe this is the reason behind all of this."
typhoid,"I have constipation and belly pain, and it's been really uncomfortable. The belly pain has been getting worse and is starting to affect my daily life. Moreover, I get chills every night, followed by a mild fever."
typhoid,"I've also had some diarrhea, which has been really unpleasant. It's been coming and going, and it's been accompanied by abdominal cramps and bloating."
typhoid,"I have been experiencing chills and fever, along with severe abdominal pain. I've been feeling really miserable overall, and I just can't seem to shake these symptoms."
typhoid,I've been having a lot of trouble keeping hydrated because of the vomiting and diarrhea. There is a mild fever along with constipation and headache.
typhoid,"I've lost a lot of weight in the past week because I haven't been able to eat much due to nausea and vomiting. This is followed by mild fever, headache and belly pain. I'm really concerned about my health."
typhoid,"The fatigue has been really uncomfortable, and I've had a lot of difficulties doing my usual activities. I've also been feeling really depressed and irritable. There is mild pain in the abdominal part too."
typhoid,"I've had a persistent headache for the past week, and it's been getting worse. It's been accompanied by belly aches, constipation and diarrhea."
typhoid,"I've been experiencing high fever, especially at night. It's been really uncomfortable. There is a mild headache along with constipation and diarrhea."
typhoid,"I've been having a lot of difficulty breathing, and I feel like I'm constantly nauseous. I also have mild belly pain. It's been terrifying at times."
typhoid,"Diarrhea has been really watery and foul-smelling, and it's been accompanied by abdominal pain. I feel like vomiting most of the time."
typhoid,"I've been having a lot of trouble sleeping because of the high fever, headache and chills. I wake up every day having a terrible pain in my belly area."
typhoid,"I've also been experiencing some diarrhea and constipation, which has been really worrying. It feels like a sharp, stabbing pain in my belly area. I feel tired all the time."
typhoid,"I have had some constipation and belly pain, which has been really uncomfortable. The pain has been getting worse and it's really affecting my daily life."
typhoid,"I am experiencing a lot of belly pain and constipation, which has been really annoying. Sometimes, I feel a strong urge to vomit, and because of all of these, I am feeling very weak."
typhoid,"The abdominal pain has been coming and going, and it's been really unpleasant. It's been accompanied by constipation and vomiting. I feel really concerned about my health."
typhoid,"I have been experiencing a lot of bloating and constipation, and it's been really uncomfortable. It feels like there's a lot of pressure and pain in my belly area."
typhoid,"I am experiencing extreme belly pain and constipation. Every night, I have a severe fever along with chills and headaches. The last couple of days has been really uncomfortable."
typhoid,"I've been feeling exhausted and weak, and I can't seem to get rid of it. Because of the vomiting and nausea, I've entirely lost my appetite. My belly pains which are causing me concern."
typhoid,"I am experiencing constipation and stomach ache, which has been really difficult. The discomfort has gotten worse, and it is seriously interfering with my everyday life."
typhoid,"Because of the vomiting and diarrhea, I've been having a lot of difficulties staying hydrated. I have a high fever, as well as constipation and headache."
typhoid,The abdominal pain has been frequent and really painful. Constipation and vomiting have also occurred. I'm quite worried about my health.
typhoid,"I'm having severe stomach pain and constipation. Every night, I get a headache and chills. The last few days have been really painful."
typhoid,There is a distinct pain in my abdominal part. I am not sure what it is. I am also going through constant vomiting and feel nauseous.
typhoid,"The diarrhea has been quite fluid and smelly, and it has been accompanied by severe abdominal pain and headache. Most of the time, I feel like vomiting."
typhoid,"I have had a fever for the last couple of days. Now, I am starting to experience a severe pain in my stomach area and suffering from constipation."
typhoid,"I am experiencing a lot of nausea and vomiting, and it's been quite difficult for me to eat anything. I've entirely lost my appetite, and as a result, I have become quite weak."
typhoid,"I am having a lot of trouble sleeping because of the high fever and the headache. Moreover, I have constant belly pain, because of which I can't go to work."
typhoid,"I have been feeling really fatigued and weak, and I can't seem to get rid of it. I have a mild fever and a strange pain in my abdominal area. I can't understand what is happening."
typhoid,"I've been suffering from constipation and stomach discomfort, which has been really uncomfortable. Last night, I had a mild fever too."
typhoid,"I've also been suffering from diarrhea, which has been really uncomfortable. It comes and goes, and it's accompanied by stomach aches and vomiting."
typhoid,"I've been experiencing chills, fever, and extreme stomach discomfort. I've been generally unhappy, and I can't seem to get rid of these symptoms."
typhoid,"Because of the vomiting and diarrhea, I've been having a lot of difficulties staying hydrated. There is a mild fever, too, as well as stomach pain."
typhoid,"I have developed diarrhea. It is accompanied by severe pain in my belly area. I don't feel like eating anything, and most of the time, I have a mild headache."
typhoid,"I've had a lot of bloating and constipation, which has been really painful. There is a lot of pressure and pain in my stomach area. I get a high fever and chills every night."
typhoid,"I've had a persistent stomach pain for the past week, and it is not healing even with medication. I feel like vomiting and can't eat anything, and because of which I have become extremely weak."
typhoid,I am having severe stomach discomfort and diarrhoea. I have a high fever along with a headache. The previous several days have been really unpleasant.
typhoid,"I am having a terrible pain in my abdominal part, and I've been feeling really nauseated. I'm also experiencing a mild fever. I am really worried."
typhoid,"I am experiencing constipation and stomach ache. The discomfort has gotten worse, and it is seriously interfering with my everyday life. I feel like I have lost my appetite to eat anything."
typhoid,"Most of the time I feel fatigued. I don't want to eat anything. I get a high fever and chills every night. Moreover, I have been vomiting since yesterday."
typhoid,"I have lost my appetite and have noticed a significant weight loss. I have abdominal pain, especially in the area of my stomach and intestines. I am concerned about my health."
typhoid,The stomach discomfort has been severe and frequent. Vomiting and constipation have also happened. I'm concerned about my health.
typhoid,"I have been experiencing diarrhea and have had loose, watery stools several times a day. I have lost my appetite and feel nauseated all the time. I am starting to get a mild fever too."
typhoid,"I am feeling quite weak. I'm having a lot of stomach discomfort and constipation, which is really bothering me. I have a strong urge to vomit at times, and as a result, I can't eat anything."
typhoid,"There is strange pain in my stomach area. I don't know what the reason behind this is. Moreover, I am starting to get a mild fever along with chills and headaches."
typhoid,"I've had a high fever, particularly at night. It's been quite unpleasant. There is a little headache, as well as constipation and diarrhea. I don't feel like eating anything."
typhoid,"I've been having a lot of trouble staying hydrated because of the vomiting and diarrhea. I have a high fever, constipation, and a headache. I am also starting to get a strange pain in my stomach area and I can't do anything physical."
typhoid,"I have been getting a headache for the past week that has been growing worse. It has been accompanied by stomach pains, constipation, and diarrhea. I don't know what is happening and I am really worried about it."
typhoid,"I've lost a lot of weight in the last week because I couldn't eat much due to nausea and vomiting. This is followed by a high fever, headache, and stomach pain."
typhoid,"I am having some diarrhea and constipation, which has been quite concerning. In my stomach, there is a severe, painful ache. I'm constantly exhausted and don't feel like eating anything."
typhoid,"I've been having diarrhoea and loose, watery stools many times a day. I've lost my appetite and am always sick. I'm also developing a mild fever. Also, my abdominal part pains a lot. I don't know what the reason behind all of these is."
chicken pox,"I've been experiencing intense itching all over my skin, and it's driving me crazy. I also have a rash that's red and inflamed."
chicken pox,"I'm feeling fatigued and have no energy. I can barely keep my eyes open during the day, and I've been feeling lethargic and unable to motivate myself."
chicken pox,"I've had a high fever for the past few days. I don't know what's causing it. Also, I noticed rashes on my skin and it's hard for me to resist scratching."
chicken pox,I've lost my appetite and can't seem to eat anything. I'm worried about my health.
chicken pox,There are small red spots all over my body that I can't explain. It's worrying me. I feel extremely tired and experience a mild fever every night.
chicken pox,"My lymph nodes are swollen, causing discomfort in my neck and armpits. I don't know what's causing it."
chicken pox,"I'm feeling really sick and uncomfortable like something is wrong inside. I don't know what it could be. I noticed small red spots on my arms, which itches if I touch them."
chicken pox,The itching is making it hard for me to sleep at night. I can't get any rest. I have also lost my appetite and feel lethargic.
chicken pox,"I'm worried about this rash on my skin. It's spreading rapidly and causing a lot of discomforts. I can hardly sleep at night because of the itching,"
chicken pox,I have no energy and have lost my appetite. I'm feeling really sick and don't know what's wrong.
chicken pox,"I have a skin rash that's red and inflamed, and it's spreading all over my body. I've been experiencing intense itching, especially on my arms and legs."
chicken pox,"I've had a high fever for the past few days, and it's starting to worry me. I don't know what's causing it. Also, I have red spots all over my arms and legs, some of which are swollen."
chicken pox,"I have a skin rash that's red and swollen, and it's spreading all over my body. I have a mild fever and it is causing me a lot of discomforts."
chicken pox,There are small red spots all over my body that I can't explain. The bumps are itchy and uncomfortable and seem to spread rapidly. It's worrying me.
chicken pox,The itching is making it hard for me to sleep at night. I can't seem to get any rest because the rash is so itchy and uncomfortable. I'm feeling really tired and exhausted.
chicken pox,I have no energy and have lost my appetite. I have a high fever and severe headache and don't know what's wrong.
chicken pox,The high fever and swollen lymph nodes are causing me much discomfort. I have a headache and feel weak and fatigued. It's hard for me to concentrate because of the fever.
chicken pox,"The rash on my skin is causing a lot of discomforts. It's red and inflamed, spreading all over my body. The rash is accompanied by intense itching, especially on my arms and legs."
chicken pox,"There are red spots all over my body that I can't explain. The spots are itchy and starting to swell, and they are spreading rapidly."
chicken pox,I have small lymph nodes on my arms and face. The itching is making my day very uncomfortable.
chicken pox,"I have no energy and have lost my appetite. I'm feeling really sick and don't know what's wrong. Also, there are small red spots starting to show on my skin."
chicken pox,"I've had a mild fever for the past few days, and it's starting to worry me. The fever has been accompanied by a severe headache. I feel weak and lethargic."
chicken pox,"I have swollen lymph nodes and red spots all over my body, and they are causing discomfort. I also have a mild fever and feel tired most of the time."
chicken pox,"I've been suffering from severe itching all over my body, and it's driving me insane. I also have a red and irritating rash."
chicken pox,"I have seen rashes on my skin, and it's difficult for me not to scratch. Also, I've had a high fever for several days. I'm not sure what's causing it."
chicken pox,"I have little red spots all over my body that I don't understand. It worries me. I have lost my appetite and every night, I am exhausted and have a severe headache."
chicken pox,"I'm feeling really sick and lost my appetite. I've seen little red patches on my arms, neck and face that itch when I touch them."
chicken pox,I have red spots on my arms and legs and itching them makes it difficult for me to sleep at night. I also have severe headaches and a mild fever.
chicken pox,Enlarged lymph nodes are giving me a great deal of pain. I have rashes all over my body and because of which I cannot sleep all night.
chicken pox,"My skin rash is giving me a lot of pain and discomfort. It's red and swollen, and it's spreading throughout my body."
chicken pox,I have a high fever and a mild headache. I'm tired most of the time and completely lost my appetite.
chicken pox,"My arms and face have small lymph nodes, which are starting to swell. My day has been made really miserable by the constant itching and pain."
chicken pox,"My arms and neck have large lymph nodes, which itch when I touch them. The itching has made my day extremely uncomfortable."
chicken pox,"My skin rash is causing me a great deal of pain. There are also small red spots developing near my neck. Since yesterday, I have had a severe fever, headache and fatigue."
chicken pox,"I am starting to develop tiny red spots all over my face and neck area, and it itches when I touch them. The itching is making my day very uncomfortable."
chicken pox,"I have lost my appetite completely and can't seem to eat anything. I feel like vomiting and feel exhausted. I noticed rashes on my skin, which is really concerning me."
chicken pox,I have a high fever and a severe headache. I can't seem to eat anything and feel like vomiting. There are also some red spots developing on my arms. I am really worried.
chicken pox,I'm worried about these red spots on my skin. It's spreading rapidly and causing a lot of problems. I also developed a mild fever and headache every night.
chicken pox,I'm feeling really nauseous and uneasy. I'm not sure what it might be. I've seen rashes on my arms and legs. I have lost my appetite and feel exhausted every day.
chicken pox,I have swollen red lymph nodes on my arms and legs that itch when I touch them. I'm also suffering from a terrible headache and a mild fever. I don't feel like eating anything and have lost my appetite.
chicken pox,I'm really exhausted and lacking in energy. I can hardly keep my eyes open during the day. I have a mild fever and don't feel like eating anything. I think I have lost my appetite.
chicken pox,"I am exhausted and have lost my appetite. I feel vomiting and can't eat anything. In addition, little red spots are beginning to appear on my skin and near the neck. I am really worried about my health."
chicken pox,There are small red spots all over my body. The spots are itchy and uncomfortable. I also have a mild fever and headache.
chicken pox,"I've been suffering from severe itching all over my body, along with a fever and headache. The red spots are starting to swell and it is getting really uncomfortable every day."
chicken pox,I feel tired every day. There are red spots all over my arms and back and it itches if I touch them. I am really worried and not sure what to do.
chicken pox,"The high fever, swollen lymph nodes and headache are causing me a lot of trouble. I don't feel like eating anything and feel weak and fatigued. It's hard for me to concentrate on my daily life."
chicken pox,"I have a high fever and red spots and rashes all over my body. I feel exhausted and have completely lost my appetite, which has made me weak and lethargic. I am really worried."
chicken pox,I have seen rashes on my arms and neck and it itches if I scratch them. I've also had a high fever for a few days. I have no idea what is causing it. The itching is causing me a lot of discomforts.
chicken pox,"There are red swollen spots all over my body. It itches if I touch them. Moreover, I also have a high fever and headache and always feel exhausted."
impetigo,I have developed a skin rash on my face and neck. The rash is made up of red sores that are blistering. I am worried about my health.
impetigo,"I have developed skin rashes made up of blistering sores. The blistering sores are raised, fluid-filled lesions and they are painful to touch. I am also suffering from a high fever."
impetigo,I have a high fever. There are red sores developing near my nose. The sores are painful and have yellow rust-colored ooze coming out from them.
impetigo,"There are rashes around my nose, with large red sores. I noticed that the rash was spreading to other parts of my body. Also, I have a high fever every night."
impetigo,I have been suffering from a high fever for the last couple of days. Sores are developing near my nose. The sores are painful and I am feeling very uncomfortable these days.
impetigo,"My skin has developed rashes, mainly near the nose. The rash is spreading to other parts of my body. I am really about worried about this."
impetigo,I have been experiencing extreme fatigue and a high fever. There are rashes near my nose and mouth. The rash is itchy and makes it very difficult for me to sleep.
impetigo,"I am suffering from extreme fever and weakness. I have developed sores on my face. The sores itchy and uncomfortable. Often, a yellow colored ooze comes out of the sores."
impetigo,I have noticed that the sores are taking longer to heal and are more prone to infection. The sores on my face are swollen and tender to the touch and very uncomfortable to handle.
impetigo,There are red sores on my face and near my nose. I have noticed that the rash is spreading more quickly on my neck and chest.
impetigo,The sores around my nose have become crusted over and are difficult to touch. A yellow-rust coloured ooze used to come out of the sores. It is taking much more time to handle.
impetigo,"I developed a minor rash near my nose a few days ago. Now, the rash is accompanied by a burning sensation and redness of the skin. I feel it is some kind of an infection."
impetigo,"Initially, I developed small red sores near my nose and neck. Now, I am having a high fever and the sores have become more painful and inflamed over the past few days."
impetigo,"I noticed a skin rash on my face. It was made up of a blistering sore. Today I observed a yellow colored fluid coming out of the sores, I am not sure what it is."
impetigo,"The sores on my face are beginning to weep clear fluid. Also, every night I get a high fever and chills, because of which I cannot sleep all night."
impetigo,I initially had rashes on my face and near my nose. But now the rash is spreading down my arms and legs.
impetigo,"I have a high fever every night and developed sores on my face, particularly near my nose. I have noticed that the sores are taking longer to heal and are more prone to infection."
impetigo,"The sores around my nose are now surrounded by red, inflamed skin. The rash has caused my skin to become dry and flaky, with a visible yellow colored fluid coming out of the sores."
impetigo,"I have also been experiencing flu-like symptoms, such as fever and body pain. I have noticed red rashes and blistering sores near my nose and lips. It's itchy and uncomfortable."
impetigo,I am suffering from mild fever and headache. There are small sores near my nose and rashes on my neck. I am going through a very tough time right now.
impetigo,"There is a rash particularly bad around my nose, with large red sores that are painful and have yellow rust-colored ooze coming from them."
impetigo,"There are sores on my face and mostly near my nose and lips. The sores are causing discomfort or pain, and there is a discharge of yellow or rust-colored fluid from them."
impetigo,"I have been developing sores on my face and nose area. I am not sure what is causing this. The sores on my face are swollen and tender to the touch, and I have a burning sensation and redness of the skin."
impetigo,"The rash on my face has become more painful and inflamed over the past few days, and the sores are beginning to weep clear fluid. It is getting extremely painful with each day."
impetigo,I have rashes on my face. I am starting to have small sores around my nose and often a yellow fluid comes out of the sores. The sores are becoming extremely painful.
impetigo,"I am feeling really sick. I have a high fever and headache. I noticed rashes on my arms and face. I am extremely worried about this. Today, I observed red sores near my nose."
impetigo,"I've been suffering from a high fever for the past few days. Sores are forming around my nose and there are rashes on different parts of my body. The sores are severe, and I'm feeling really uneasy these days."
impetigo,I have a high fever and am really weak. My face has gotten sores. The blisters are itchy and painful. A yellow ooze frequently leaks from the wounds.
impetigo,"I am experiencing skin rashes with burning sores. The blistering sores are fluid-filled, elevated, red colored lesions that are unpleasant to touch. I also have a high fever."
impetigo,"I believe I have some skin disease. There are rashes on my face and small sores near my nose. The sores have become red, and painful and some kind of a yellow ooze discharges from them."
impetigo,"I have noticed that the sores on my face are healing more slowly and are more likely to become infected. My cheek sores are large, painful to the touch, and extremely difficult to handle. I can't seem to get rid of these sores."
impetigo,"I am having a high fever. I've had a skin rash on my face, neck and arms. The rash is made up of burning red lesions. I'm concerned about my health."
impetigo,"I've acquired skin rashes with blistering sores. The blistering sores are fluid-filled, elevated lesions that are unpleasant to touch. I'm also running a high fever."
impetigo,"I'm running a high temperature. Near my nose, red sores are forming. The lesions are painful, and yellow rust-colored fluid is oozing from them."
impetigo,"I have rashes around my nose, as well as huge red sores. The rash is spreading to other places on my body, as I've seen. In addition, I have a high temperature every night."
impetigo,My cheeks and nose are covered with red sores. I've observed that the rash on my neck and chest is spreading faster. I am also developing a mild fever.
impetigo,My nasal sores have crusted up and become difficult to touch. The wounds used to leak a yellow-rust coloured fluid. It is taking a lot longer to deal with using medication.
impetigo,"A few days ago, I experienced a tiny rash around my nose. The rash is now accompanied by a burning feeling and skin redness and discharge of fluid. I believe it is some sort of infection."
impetigo,"Small red sores appeared near my nose and neck at first. I now have a high temperature, and the sores have gotten more painful and inflamed in recent days."
impetigo,"A rash has developed around my nose and lips, with huge red lesions that are painful and emit a yellow rust-colored fluid."
impetigo,"My face is covered in sores. Most of them are near my nose and lips. The lesions are causing discomfort or suffering, and a yellow or rust-colored fluid is oozing from them."
impetigo,"I've started getting sores on my face and nose. I have no idea what is causing this. My cheek sores are large and irritating to the touch, and I have a burning feeling and skin redness."
impetigo,"Over the last two days, the rash on my face has gotten more severe and inflamed, and the blisters have begun to bleed clear pus. It is really painful to deal with."
impetigo,"I feel I have a skin condition. My face has rashes and little blisters around my nose. The wounds have turned red and painful, and a yellow liquid is oozing from them."
impetigo,"I've observed that the lesions on my face are healing slower and are more prone to infection. The lesions on my cheeks are huge, unpleasant to the touch, and incredibly difficult to treat. I can't seem to get these sores to go away."
impetigo,"I'm running a high temperature. I've developed a rash on my face, neck, and arms. The rash consists of painful red lesions. My health is a concern for me."
impetigo,"Over the last week, the rash on my face has gotten more severe and painful, and the sores have begun to discharge a yellow colored fluid. It's becoming increasingly painful by the day."
impetigo,"I've had rashes on my face. I'm developing little sores around my nose, and a yellow ooze is frequently oozing from them. The lesions have become even more painful."
impetigo,I'm feeling quite ill. I have a high fever and a headache. Rashes appeared on my arms and face. I'm quite concerned about this. I saw red sores around my nose and lips today.
impetigo,"The rashes on my face are not healing. I tried some medications but it is not helping much. Recently, I noticed small sores near my nose. They are painful and very difficult to handle."
dengue,I am facing severe joint pain and vomitting. I have developed a skin rash that covers my entire body and is accompanied by intense itching. 
dengue,"I have been experiencing chills and shivering, despite being in a warm environment. My back pains all the time and there are red spots on my arms."
dengue,"I have been experiencing severe joint pain that makes it difficult for me to move and perform my daily activities. Also, I have lost my apetite because of which I feel weak."
dengue,I have a high fever accompanied with severe headache and body pain. I experince chills every night. There is a distinct pain behind my eyes too.
dengue,"I have been feeling extremely tired and fatigued, and I have no energy to do anything. I have developed rashes on my neck, which itch upon touching. "
dengue,I have been experiencing a severe headache that is accompanied by pain behind my eyes. I have lost my apetite and experience chills every night. 
dengue,I have been feeling nauseous and have a constant urge to vomit. There is a strong pain behind my eyes and there are small red spots all over my arms.
dengue,I have developed red spots on my body that are itchy and inflamed. I am also experiencing high fever along with chills and shivering. 
dengue,I have been experiencing muscle pain that makes it difficult for me to move around. I have lost my apetite and feel vomiting. My legs and back pain a lot. 
dengue,"I have been experiencing back pain that is worse when I sit or stand for a long time. Also, there are rashes all over my body. There is a pain behind my eyes too."
dengue,The skin rash I have developed is accompanied by redness and swelling. I don’t feel well as I have severe fever accompanied with body pain.
dengue,The chills and shivering I have been experiencing are accompanied by a feeling of coldness and high fever. I have also developed rashes on my arms and red spots on my neck.
dengue,"The joint pain I have been experiencing is severe and feels like a constant ache. My head aches most of the time and I am starting to develope mild fever, accompanied with chills. "
dengue,The vomiting I have been experiencing is accompanied by stomach cramps and dizziness. I have lost my apetite and feel weak as a result. There is a pain behind my eyes too.
dengue,The high fever I have been experiencing is accompanied by sweating and weakness. My muscles pain as a result I cannot work all day. 
dengue,"The fatigue I have been feeling is extreme and makes it difficult for me to perform even basic tasks. I feel vomitting and developed rashes on my arms, neck and legs. "
dengue,The headache I have been experiencing is severe and is accompanied by a feeling of pressure in my head. I have mild fever along with headache. There are small red spots on my back.
dengue,The nausea I have been feeling is accompanied by a loss of appetite and feeling of unease. There is a distinct pain in my back and muscles pain too. 
dengue,The muscle pain I have been experiencing is severe and feels like a constant ache. There are red spots all over my body and the itching is causing me a lot of discomfort.
dengue,"I have developed a skin rash that covers my entire body and is accompanied by intense itching. My body pains and I have a mild fever, acompanied with headache and chills."
dengue,"I'm experiencing extreme body pain, headache and vomiting. I've developed red spots that covers my entire body and causes severe itching."
dengue,"My back hurts all the time, and my arms and neck have rashes. The back of eyes pain a lot. I also have fever and it is making we worried about my health."
dengue,"I've been suffering from significant joint pain, which makes it difficult for me to walk and carry out my everyday tasks. I've also lost my appetite, which makes me feel weak and feel like vomitting."
dengue,There is a constant behind my eyes. I have developed red spots on my neck and face and rashes on my arms. My arms and legs pain a lot. . The spots are itchy and uncomfortable and it is worrying me.
dengue,"I've been feeling sick and feel a strong need to vomit. There is a sharp ache behind my eyes, and swollen red dots all over my back."
dengue,My shivers and shivering have been accompanied with a sensation of coldness and a very high fever. Rashes on my arms and red patches on my neck have also appeared. 
dengue,"I have been suffering from severe joint ache. I feel vomiting most of the time, and I am developing a moderate fever with chills. The fever that doesn't seem to come down even with medication."
dengue,"The vomiting I've been having has been followed by stomach pains and dizziness. I've lost my appetite and as a result feel weak. My arms, back, neck pain most of the time."
dengue,I have developed red spots on my arms and legs that are itchy and inflamed. I have been feeling nauseaus and have a constant urge to vomit. This is accomapanied by mild fever.
dengue,"I have developed a skin rash that covers my entire body. The rash is red and swollen, and is worse in certain areas such as my arms and legs. I have also lost my appetite. "
dengue,I have been experiencing chills and shivering. There is a strong pain in my back and also behind my eyes. I have also noticed small red spots on my back and neck. 
dengue,I have been experiencing severe joint pain that is making my day very difficult. I feel like vomiting all the time and have a mild headache too.
dengue,I have a high fever along with a severe headache. The fever is accompanied by extreme body pain and chills. I am worried about my health and don’t know what to do.
dengue,"I have been feeling extremely tired and fatigued, and I have no energy to do anything. The fatigue is so severe that I struggle to get out of bed. I have noticed small red spots on my arms and legs. "
dengue,I have been experiencing a severe headache that is accompanied by pain behind my eyes. I feel tired and fatigued because of which I cannot work all day. I am worried about my health.
dengue,"I have been feeling nauseous and have a constant urge to vomit, which is accompanied with mild fever and headache. "
dengue,I have developed rashes on my body that are itchy and. I have lost my appetite and feel very tired all day. I feel something is wrong with my body.
dengue,"I have been experiencing muscle pain and headache. The muscle pain feels like a constant ache and is worse when I try to use the affected muscles. There are small red spots developing on my face, neck and arms."
dengue,"My back hurts, and I have rashes on my arms and armpits. The back of my eyeballs hurt a lot. I also have a mild fever, which is making us concerned about my health. "
dengue,"I am experiencing very high fever and chills every night. It is really concerning me. Moreover, I don’t feel like eating anything and my back, arms, legs pain a lot. There is a strange pain behing my eyes. I can’t do any physical activities. "
dengue,"As a result of my regular vomiting, I've lost my appetite. My muscles, joints and back constantly hurt. I am starting to have fever too. I am really worried and not sure what to do."
dengue,I have been experiencing a severe fever that is accompanied by pain behind my eyes and headache. I feel tired and exhasuted because of which I cannot do any work.
dengue,"My whole body is paining a lot and I don’t feel like eating anything. I have mild fever and get chills every night. Also, there are some red spots developing on my back and neck."
dengue,"My joints and back pain everyday. I feel like vomitting and this has made me very weak. Because of my body pain, I am not able to focus on my work and don’t feel like doing anything."
dengue,The body pain I have been feeling is extreme. I has lost my appetite and developed rashes on my arms and face. The back of my eyes pain a lot.
dengue,I have developed rashes on my body. I am also experiencing high fever along with chills and headache. My joints and back hurt and there is a strange pain in the back of my eyes.
dengue,"There are rashes on my skin, which itch if I touch them. I don’t feel good as my joints pain whole day. At night, I have mild fever and get chills, because of which I can’t sleep too."
fungal infection,"I have raised lumps, a rash that looks red and inflamed, discoloured areas of skin that are different colours from the rest of my skin, and itching on my skin."
fungal infection,"All over my body, there has been a severe itching that has been followed by a red, bumpy rash. My skin also has a few darkened spots and a few tiny, nodular breakouts. It has been happening for several days and is becoming worse."
fungal infection,"I've had a rash on my skin that looks like dischromic patches, and I also have a lot of nodular eruptions and really bad itching. During the previous week, it has become worse."
fungal infection,"I've had a rash that won't go away and a bothersome itching on my skin. In addition, I've seen some color-different areas and bumps that resemble knots or lumps on my skin."
fungal infection,"I have a rash all over my body, and I can't stop scratching because my skin is itchy. My skin also has a few spots where the hue is altered and some lumps and knot-like pimples."
fungal infection,"Recently, my skin has been quite itchy, and I have a rash all over my body. My skin also has a few spots where the hue is altered and some lumps and knot-like pimples."
fungal infection,"My skin has been itching a lot and developing a rash. Additionally, I have a few areas of my skin that are a different hue than the rest of it. Additionally, I have a few firm pimples or breakouts on my skin."
fungal infection,"All over my body has been itching like crazy, and now there are red areas all over. Additionally, some of the patches have a different tone than my natural skin. And on my skin, there are these lumps or pimples that have developed."
fungal infection,"My skin has been acting up recently, becoming extremely itchy and rashes-prone. Additionally, there are certain spots that deviate from my natural skin tone in terms of hue. And now my skin has these lumps or bumps that weren't there before."
fungal infection,"On my arms and legs, I have a lot of red pimples and itchy skin. My skin also has a few odd-looking lesions. And occasionally there are bumps that are somewhat uncomfortable."
fungal infection,I have an itchy skin and lots of red bumps on my arms and legs. There are some weird looking spots on my skin too. And sometimes there are bumps that feel kind of hard.
fungal infection,"Doctor, I have a really itchy rash on my skin and there are some weird spots that are a different color. There are also some bumps on my skin that look like little knots"
fungal infection,"Doctor, My skin is covered in a very uncomfortable rash, along with some odd patches of a different hue. My skin also has a few pimples that resemble little knots"
fungal infection,"I have lots of itchy spots on my skin, and sometimes they turn red or bumpy. There are also some weird patches that are different colors than the rest of my skin, and sometimes I get these weird bumps that look like little balls."
fungal infection,"My skin frequently develops itchy bumps that can occasionally turn red or rough. Aside from that, my skin occasionally develops strange pimples that resemble small balls and some odd spots that are a different hue from the rest of my skin."
fungal infection,"Doctor, I have these red rashes that keep popping up and my skin is continuously itching. In addition, I've observed some odd color-different spots on my skin, as well as some little nodules on my skin that appear to be expanding."
fungal infection,"I have been experiencing some really intense itching all over my body, along with redness and bumps on my skin. There are also these weird patches that are different colors than the rest of my skin, and sometimes I get these nodules that look like small bumps."
fungal infection,"All over my body, I've been scratching so much that my skin has become red and developed pimples. Additionally, I occasionally get these nodules that resemble little pimples, as well as these strange patches that are a different hue from the rest of my skin."
fungal infection,"I've been having a lot of problems with itching, and it's been accompanied by a rash that seems to be getting worse over time. There are also some patches of skin that are different colors than the rest, and I've noticed some bumps that look like little nodes."
fungal infection,"Doctor, My skin is covered in an uncomfortable rash and has a few odd patches of skin that are a different colour. There are a few pimples on my skin that resemble little knots."
fungal infection,"My skin has been acting up lately, becoming exceedingly itchy and prone to rashes. Furthermore, several patches differ from my normal skin tone in terms of colour. And now I have lumps or bumps on my skin that weren't there before."
fungal infection,"A rash that appears to be developing throughout my skin has been accompanying my recent bouts of intense itching and discomfort. On my skin, I also have some dischromic spots and little lumps that seem to be appearing everywhere."
fungal infection,"My skin always itches, and occasionally it becomes quite rough and red. In addition, I occasionally get little pimples that resemble tiny balls and certain spots that are a different colour from the rest of my skin. It severely irritates me and itches."
fungal infection,"I have a lot of itching all over my skin, and sometimes it gets really red and bumpy. There are also some patches that are different colors than the rest of my skin, and sometimes I get these little bumps that look like little balls. It's really annoying and itchy."
fungal infection,"I have a pretty irritating itch all over my body, and my skin also has a few red, bumpy areas. I've also had some pimples that resemble small balls and other spots that are a different colour than the rest of my skin. "
fungal infection,"I've had a pretty uncomfortable itch all over my body, as well as red and bumpy areas on my skin. There are also certain patches of my skin that are a different hue than the rest of it, and I've had some pimples that resemble little balls."
fungal infection,"I've been having this really annoying itch all over my body, and I have red and bumpy spots on my skin too. There are also some areas that are a different color than the rest of my skin, and I've had some bumps that look like little balls."
fungal infection,"I've had a pretty uncomfortable itch all over my body, as well as red and bumpy areas on my skin. There are also certain patches of my epidermis with a distinct shade than the rest of it, and I've had some pimples that resemble little balls."
fungal infection,"I've been really itchy lately and there are these rashy spots all over my skin. There are also some areas that look different in shade than the rest of my skin, and I've had some bumps that are kind of hard."
fungal infection,"I've been quite itchy recently, and I have rashy patches all over my skin. There are also certain regions that are darker in colour than the rest of my skin, and I've got some firm lumps."
fungal infection,"I've been rather itchy recently, and I have rashy blotches all over my skin. There are also certain regions that are more dark in color than the rest of my skin, and I've got some painful lumps."
fungal infection,"Recently, I've been scratching myself a lot, and my skin is covered with rashy places. Additionally, I've had a few pimples that are rather firm, and there are certain spots on my body that have a different shade of brown than the rest of my skin."
fungal infection,"My skin has been really itchy and there are these rashy spots all over. There are also some patches that look different in color than the rest of my skin, and I've had some bumps that are kind of hard."
fungal infection,"My skin has been really scratchy, and there are rashes all over my body. I have some bumps that are quite firm, as well as some areas that are a darker shade from the rest of my skin. It's extremely unpleasant."
fungal infection,"There are rashy areas all over my skin, which has been really irritating. Additionally, I have some bumps that are fairly firm and some patches that are a different colour from the rest of my skin."
fungal infection,"Recently, I've been scratching myself a lot, and my skin is covered with rashy places. In addition, there are a few spots where my skin doesn't appear to be its usual shade, and I've experienced a few lumps that are quite painful."
fungal infection,"I've been really itchy lately and there are these rashy spots all over my skin. There are also some areas that don't look like the normal color of my skin, and I've had some bumps that are kind of hard"
fungal infection,"I've been quite itchy recently, and I have rashy places all over my body. There are also some regions that don't appear to be the typical hue of my skin, and I've experienced some firm lumps."
fungal infection,"I've been itching and have rashy patches all over my skin recently. There are also some regions that don't appear to be the regular tone of my skin, and I've experienced some painful bumps."
fungal infection,"Recently, I've been itching myself a lot, and my skin is covered with rashy patches. Furthermore, there are a few regions where my skin doesn't appear to be its usual tone, and I've experienced a few lumps that are exceptionally painful."
fungal infection,"I've been having this constant itch and there are these red and bumpy spots on my skin. There are also some patches that are a different color than the rest of my skin, and I've had some bumps that are kind of like little lumps."
fungal infection,"There are red, bumpy areas on my skin, and I've been scratching myself nonstop. Additionally, I have some bumps that resemble little lumps and some spots that are a different shade of skin than the rest of my body."
fungal infection,"I've had a lot of itching on my skin, which occasionally turns into a rash. There are also some odd patches of skin that are a different hue than the rest of me, and I occasionally get little pimples that resemble nodules."
fungal infection,"I've had a tendency of itching on my skin, that frequently turns into a rash. There are also some strange patches of skin that are a different tone than the rest of my skin, and I regularly get little lumps that mimic nodules."
fungal infection,"I've been experiencing a lot of itching on my skin, and sometimes it turns into a rash. There are also some strange patches of skin that are a different color than the rest of me, and sometimes I get little bumps that look like nodules."
fungal infection,"My body has been itching terribly all over, and there are now red spots everywhere. Some of the patches also differ in tone from my natural complexion. And there are these lumps or pimples that have appeared on my skin."
fungal infection,"My skin has been really itchy lately, and it occasionally erupts into a rash. In addition, I have a few odd areas of skin that are a different coloration from the rest of me, and occasionally I develop little bumps that look  like nodules."
fungal infection,There are now red blotches all over my body where I have been itching horribly all over. A few of the patches also differ in complexion from my natural skin. And these lumps or bumps have developed on my skin.
common cold,"I can't stop sneezing and my nose is really runny. I'm also really cold and tired all the time, and I've been coughing a lot. My fever is really high too, like way above normal."
common cold,"My nose is extremely runny, and I can't seem to stop sneezing. In addition, I constantly feel cold, exhausted, and I've been coughing a lot. My fever is also really high far above normal."
common cold,"I've been sneezing nonstop and I can't seem to shake this chill. I'm feeling really weak and tired, and my cough won't go away. My fever is really high"
common cold,"I've been sneezing incessantly and I just can't get this chill to go away. I feel so weak and exhausted, and my cough won't stop. My temperature is really high."
common cold,I'm constantly sneezing and my body is shaking from being cold. I'm so tired I can barely move and my head is killing me. My fever is through the roof
common cold,"I'm constantly sneezing, and the cold is making my body tremble. I'm so exhausted that I can hardly move, and my head hurts. My fever is quite high."
common cold,"I've been quite exhausted and ill. I'm sneezing nonstop and am quite cold. My head is throbbing, and I lack energy. Additionally, I have a very high fever and feel like I am on fire."
common cold,"I've been feeling really tired and sick. I've been sneezing a lot and I can't seem to get warm. I'm so tired and my head is killing me. And my fever is really high, like I'm boiling."
common cold,"I've been quite exhausted and ill. My throat has been quite painful, and I've had a fairly nasty cough. I've got a lot of chills and a pretty high temperature. Just feeling extremely run down and weak"
common cold,"I've been quite exhausted and ill. I have been sneezing a lot and am having trouble warming up. I'm so exhausted, and my head hurts. And I feel like I am boiling over with my high temperature."
common cold,I can't stop sneezing and I feel really tired and crummy. My throat is really sore and I have a lot of gunky stuff in my nose and throat. My neck feels swollen and puffy too.
common cold,"I can't stop sneezing, and I'm exhausted and sick. My throat is really uncomfortable, and there is a lot of junk in my nose and throat. My neck is also swollen and puffy."
common cold,"I keep sneezing, and I'm miserable and exhausted. I have a lot of gunky things in my nose and throat, and my throat is really hurting. My neck also feels puffy and swollen."
common cold,I've been feeling really exhausted and sick to my stomach. I've had a really bad cough and my throat has hurt a lot. I've experienced substantial sinus pressure and a congested nose. I'm really unpleasant and worn out.
common cold,I've been sneezing a lot and feeling really tired and sick. There's also a lot of gross stuff coming out of my nose and my throat feels really scratchy. And my neck feels swollen too.
common cold,"I've been wheezing a lot and am generally feeling sick and exhausted. My throat feels really scratchy, and a lot of gross stuff is flowing out of my nose. My neck also feels bloated."
common cold,"My sinuses feel incredibly congested, and my eyes are continuously red. I just constantly feel drained and exhausted. In addition, I have a lot of uncomfortable phlegm in my throat. My lymph nodes feel bloated, and breathing has been challenging."
common cold,My eyes have been really red and my sinuses feel congested. I just don't have any energy and my throat has been really itchy. I've also noticed my lymph nodes are swollen and I've been coughing up a lot of phlegm.
common cold,"My sinuses feel stuffy, and my eyes have been quite red. I simply lack energy, and my throat has been really scratchy. Along with the swelling in my lymph nodes, I've also been coughing up a lot of phlegm."
common cold,"My eyes are always red and itchy, and my nose feels all stuffy and congested. I just feel kind of sick and tired all the time, and I keep coughing up all this gunk. My throat feels sore and scratchy, and I've noticed that the bumps on my neck are bigger than usual"
common cold,"My nose always feels stuffy and congested, and my eyes are always red and itching. I have a feeling of being unwell and fatigued, and I keep hacking up this gunk. I have a scratchy, irritated throat, and I've seen that my neck's bumps are larger than usual."
common cold,"I keep sneezing, and my eyes don't quit dripping. It's incredibly difficult for me to breathe because it feels like there is something trapped in my throat. I often feel exhausted, and lately, I've had a lot of phlegm. Moreover, my lymph nodes are enlarged."
common cold,My eyes are red and watery all the time. I've also had this pressure in my sinuses that won't go away. I'm always feeling tired and I've been having a lot of trouble breathing. I've also had a lot of gunk in my throat and my lymph nodes are swollen.
common cold,"My eyes are constantly red and runny. A persistent tightness in my sinuses has also been bothering me. I've been having a lot of difficulties breathing and constantly feel fatigued. In addition, I have a lot of throat mucus and inflamed lymph nodes."
common cold,"My nose feels quite clogged, and my eyes are constantly very red and runny. In addition, my chest hurts and I've been having a lot of breathing problems. In addition, my muscles feel quite painful, and I can't smell anything."
common cold,"My eyes are usually red and runny, and my nose is always stuffy. I've also been having difficulty breathing and my chest hurts. In addition, I can't smell anything and my muscles are quite painful."
common cold,"My eyes are usually red and inflamed, and I have the impression that something is clogging my sinuses. I've been coughing up a lot of gunk, and my chest hurts. I can't smell anything, and my muscles are aching."
common cold,"My eyes are always red and swollen, and I feel like there's something blocking my sinuses. I've been coughing up a lot of goo and my chest feels really heavy. I can't smell anything and my muscles are really sore"
common cold,"I've been coughing a lot and feeling chilly and shivery. My nose has been quite clogged, and I am experiencing facial pressure. I also have a lot of phlegm, and coughing pains my chest. I can't smell anything, and my muscles are aching."
common cold,"For days, I've had a nasty cough and cold. My sinuses are clogged, and I have facial pressure. I've also been creating phlegm, and coughing pains my chest. I can't smell anything, and my muscles are aching."
common cold,"I've had a nasty cough and cold for days. My sinuses are congested, and I have facial pressure. I've also been coughing up mucus, and it pains my chest. I can't smell anything and my muscles are aching."
common cold,"My cough and cold have been awful for days. My sinuses are congested, and my face is under strain. Additionally, I've been coughing up phlegm, and it hurts in my chest. I have no sense of smell, and my muscles hurt a lot."
common cold,"I'm coughing nonstop and I'm shivering terribly. I have a stuffy nose and my face is under strain. In addition, my throat is coughing up some nasty gunk, and my chest hurts. My muscles hurt a lot, and I can't smell anything."
common cold,I can't stop coughing and I feel really cold. My sinuses are all blocked and I have a lot of mucus. My chest hurts and I can't smell anything. My muscles are also really sore.
common cold,"I'm coughing nonstop and am really chilly. My mucus production is excessive, and my sinuses are fully clogged. I can't smell anything, and my chest hurts. My muscles are quite painful as well."
common cold,"I can't stop coughing and I'm freezing. My sinuses are completely blocked, and I'm inundated with mucous. My chest hurts, and I'm unable to smell anything. My muscles are also really achy."
common cold,"I've been coughing a lot and finding it difficult to breathe. My throat hurts and I feel like I have a lot of phlegm trapped in my chest. My nose has been running a lot, and I've been feeling really congested."
common cold,"I've been experiencing severe weariness and a sickly sensation. My throat has been really painful and I've had a fairly severe cough. My nose has been quite stuffy, and I've had significant sinus pressure. I'm really miserable and extremely exhausted."
common cold,I've been feeling really sick and I've had a lot of fatigue. I've had a really bad cough and my throat has been really sore. I've had a lot of sinus pressure and my nose has been really congested. I just feel really run down and miserable.
common cold,"I've been quite exhausted and ill. My throat has been quite painful, and I've had a fairly nasty cough. I've got a lot of chills and a pretty high temperature. Simply put, I feel really run down and feeble."
common cold,I've been really weary and ill. I've been suffering from a severe cough and sore throat. I've got a lot of chills and a pretty high temperature. I simply feel tired and run down.
common cold,"I can't quit sneezing, and my nose is running. I'm also constantly chilly and exhausted, and I've been coughing a lot. My fever is also really high, well above usual."
common cold,"I've been feeling awful, with a lot of congestion and a runny nose. I've been coughing a lot and having a lot of chest pain. My fever has been really high, and I've been experiencing severe muscular discomfort."
common cold,"My neck is swollen, and I'm exhausted. My throat is scratchy, and my eyes are burning red. My nose is really clogged, and I am experiencing facial pressure. My chest hurts, and I'm unable to smell anything."
common cold,"I lack energy and feel like my neck is bloated. My eyes are red, and my throat feels scratchy. I have severe congestion in my nostrils, and my face is under pressure. I can't smell anything, and my chest hurts."
common cold,"I feel quite weak, and my lymph nodes are enlarged. My eyes are burning, and my throat hurts. My sinuses are under strain, and my nose is stuffy. I can't smell anything, and my chest hurts."
common cold,"I've had a terrible cough and cold for days. My face is tired and my sinuses are blocked. In addition, my chest hurts from the phlegm I've been coughing up. I can't smell, and my muscles are in terrible pain."
common cold,"I have red, watery eyes all the time. My sinuses have also been bothered by a constant tightness. My breathing has been quite tough, and I've been feeling worn out all the time. My lymph nodes are irritated, and I also have a lot of throat mucous."
common cold,"I always get hot, puffy eyes and the feeling that something is obstructing my sinuses. My chest feels quite heavy, and I've been coughing up a lot of gunk. I have no sense of smell, and my muscles hurt a lot."
pneumonia,"I've been feeling really cold and tired lately, and I've been coughing a lot with chest pain. My heart is beating really fast too, and when I cough, the phlegm is kind of a rusty color."
pneumonia,"I've been coughing a lot recently with chest pain and feeling incredibly chilly and exhausted. Additionally, my heart is thumping rapidly, and the phlegm I cough up has a reddish hue."
pneumonia,"I've been feeling really drained and cold, and I can't stop coughing. It hurts in my chest when I do, and my heart feels like it's racing. The mucus I'm coughing up is a gross brownish color."
pneumonia,"I've been exhausted and chilly, and I can't stop coughing. When I do, it pains in my chest and makes my heart race. My coughing mucous has a disgusting brownish hue."
pneumonia,"I've been having chills and feeling exhausted, and I can't seem to shake this cough. My chest hurts when I cough, and my heart feels like it's going a million miles an hour. The phlegm I'm coughing up is a dirty rust color."
pneumonia,"I've been experiencing chills, feeling worn out, and I can't seem to get rid of this cough. When I cough, my chest aches and my heart feels as like it is beating a million miles per hour. I'm coughing up a nasty rust-colored phlegm."
pneumonia,"I've been feeling really weak and cold lately, and this cough won't go away. It hurts in my chest when I cough, and my heart is pounding. The mucus I'm bringing up is a rusty brown color."
pneumonia,"I've been having chills and feeling really worn out, and this cough won't go away. My chest hurts when I cough, and my heart is racing. The mucus I'm bringing up is a gross brownish color."
pneumonia,"I've been experiencing chills, feel really exhausted, and my cough just won't go away. When I cough, my chest aches and my heart is pounding. It's a disgusting brownish hue, the mucous I'm coming up."
pneumonia,"I have a really high fever, and I'm having trouble breathing. I'm sweating a lot and feeling really cold and tired. My heart is beating really fast, and I have some brownish sputum"
pneumonia,"I'm having problems breathing and have a very high fever. I'm perspiring a lot and experiencing extreme fatigue and chilly. My heart is racing, and I'm coughing up some brownish mucus."
pneumonia,"My temperature is very high, and I'm having a hard time breathing. I'm sweating profusely, and I'm shaking with chills. I'm really tired, and my heart is beating really fast. I also have some brownish phlegm coming up"
pneumonia,"I'm having trouble breathing, and my fever is really high. I'm drenched in sweat and shivering from the chill. My heart is thumping rapidly, and I'm quite exhausted. Additionally, I'm about to have some brownish phlegm."
pneumonia,"My fever is really high, and I'm having trouble catching my breath. I'm sweating a lot, feeling cold and tired, and my heart is beating really fast. I also have some brownish phlegm coming up."
pneumonia,"I have a really high fever, and I have problems breathing. My heart is racing quite quickly, I'm perspiring a lot, and I feel chilly and exhausted. I'm also about to cough out some brownish phlegm."
pneumonia,"I've been feeling really sick with a high fever, shortness of breath, sweating, chills, and extreme fatigue. My heart rate is rapid, and I've been coughing up a lot of brownish sputum."
pneumonia,"With a high temperature, shortness of breath, sweating, chills, and intense exhaustion, I've been feeling quite poorly. I've been coughing up a lot of brownish phlegm and my pulse rate is racing."
pneumonia,I'm having a really hard time catching my breath and I'm sweating a lot. I feel really sick and have a lot of mucus in my throat. My chest hurts and my heart is racing. The mucus I'm coughing up is dark and looks like rust.
pneumonia,"I'm sweating profusely and finding it difficult to catch my breath. I feel quite ill, and my throat is very mucous. My heart is pounding, and my chest aches. I'm coughing up thick mucous that resembles rust."
pneumonia,"I'm having a lot of trouble breathing and am really uneasy. I'm feeling unwell and am perspiring a lot. My chest hurts and I have a lot of mucus in my throat. My heart is racing, and the hue of the mucus I'm coughing up is off."
pneumonia,I can't seem to get enough air and I'm sweating a lot. I don't feel well and there's a lot of phlegm in my throat. My chest hurts and my heart is racing. The mucus I'm coughing up is reddish in color.
pneumonia,"I'm sweating profusely and can't seem to get enough air. My throat is filled with a lot of mucus, and I don't feel good. My heart is pounding, and my chest aches. I'm coughing up reddish-colored mucous."
pneumonia,I can't seem to catch my breath and I'm sweating a lot. I feel really sick and have a lot of phlegm in my throat. My chest hurts and my heart is racing. The mucus I'm coughing up is yellowish.
pneumonia,"I'm dripping with perspiration and can't seem to catch my breath. My throat is filled with a lot of phlegm, and I feel awful. My heart is pounding, and my chest aches. I'm coughing up brownish mucous."
pneumonia,I'm having a hard time breathing and I feel really uncomfortable. I'm sweating a lot and there's a lot of phlegm in my throat. My chest hurts and my heart is beating fast. The mucus I'm coughing up is brownish.
pneumonia,"I'm having trouble breathing and am quite uneasy. My throat is filled with a lot of phlegm, and I'm perspiring a lot. My heart is racing, and my chest aches. I'm coughing up reddish mucous."
pneumonia,I can't seem to catch my breath and I'm sweating a lot. I feel really sick and have a lot of phlegm in my throat. My chest hurts and my heart is racing. The mucus I'm coughing up is brownish and stringy.
pneumonia,"I'm dripping with perspiration and can't seem to catch my breath. My throat is filled with a lot of phlegm, and I feel awful. My heart is pounding, and my chest aches. I'm coughing up a stringy, brownish mucous."
pneumonia,"I'm drenched with sweat and struggling to breathe. I don't feel well and have a lot of mucous in my throat. My chest aches, and my heart is racing. I'm coughing up mucus that is crimson in colour."
pneumonia,"I've been feeling very lousy, with a high temperature, shortness of breath, sweating, chills, and extreme weariness. My heart is beating, and I've been coughing up a lot of brownish phlegm."
pneumonia,"My fever is really high, and I'm having difficulty breathing. I'm drenched in sweat and shivering with chills. I'm quite fatigued, and my heart is racing. I'm also expecting some brownish phlegm."
pneumonia,"I've been getting chills, feeling tired, and I can't seem to shake this cough. My chest aches and my heart feels like it's racing at a million miles per hour when I cough. I'm coughing out a foul rusty phlegm."
pneumonia,"I'm having trouble breathing and am really uncomfortable. I'm sweating profusely and have a lot of mucus in my throat. My chest aches, and my heart is racing. I'm coughing up dark mucous."
pneumonia,"I've got a high fever and can't seem to catch my breath. I've been sweating profusely and generally feeling ill and weak. I've also had some quite thick and black phlegm. My chest aches, and my heart has been racing rapidly."
pneumonia,"Lately I've been experiencing chills, fatigue, a cough, a high fever, and difficulty breathing. I've been sweating a lot and just feeling really sick and weak. I've also had some phlegm that's been really thick and dark."
pneumonia,"I've recently been suffering with chills, lethargy, a cough, a high temperature, and difficulties breathing. I've been sweating profusely and generally feeling ill and weak. I've also had some quite thick and black phlegm."
pneumonia,"I've recently been suffering with chills, lethargy, a cough, a high temperature, and difficulties breathing. I've been sweating profusely and generally feeling ill and weak. I've also had some quite thick and red phlegm."
pneumonia,"I've had chills, lethargy, a cough, a high temperature, and difficulties breathing lately. I've been sweating profusely and generally feeling ill and weak. I've also had some quite thick and black phlegm."
pneumonia,"I've been having a lot of respiratory issues lately along with chills, exhaustion, a cough, and a high temperature. I've been sweating profusely and generally feeling ill and weak. My chest aches, and my heart has been racing rapidly."
pneumonia,"I've been suffering with chills, tiredness, and a cough recently. I've been sweating tremendously and feeling overall unwell and weak. I've also had some thick, black phlegm. My chest aches, and my heart has been racing."
pneumonia,"I'm running a temperature and can't seem to catch my breath. I've been sweating tremendously and feeling overall unwell and weak. I've also had some thick, black phlegm. My heart has been beating frantically, and my chest hurts."
pneumonia,"I'm drenched with sweat and can't seem to catch my breath. My throat is clogged with mucus, and I'm miserable. My heart is racing, and my chest aches. I'm coughing up a brownish stringy mucus."
pneumonia,"I'm saturated with sweat and struggling to breathe. My throat is blocked with mucous, and I'm uncomfortable. My heart is racing, and my chest aches. I'm coughing up a darkish stringy mucous."
pneumonia,"I'm having a lot of problems breathing. I'm not feeling good, and I'm sweating a lot. I have a lot of mucous in my throat and my chest hurts. My breathing is laboured, and the phlegm I'm coughing up has an odd tint."
pneumonia,"I have a lot of difficulty breathing. I don't feel well, and I'm perspiring a lot. My chest hurts, and I have a lot of mucus in my throat. I'm having trouble breathing, and the phlegm I'm coughing up has a strange hue."
pneumonia,"I've been coughing a lot and feeling incredibly chilly and exhausted. I have a pretty high fever, and it's difficult for me to breathe. I've been perspiring a lot and generally feeling weak and ill. I've had some quite thick and black phlegm."
pneumonia,"I've recently had chills, exhaustion, a cough, a high temperature, and breathing issues. I've been perspiring a lot and generally feeling weak and ill. I've had some quite thick and black phlegm. My heart has been racing quite quickly."
dimorphic hemorrhoids,"Constipation, discomfort with bowel motions, and anus pain have all recently been bothering me. My anus has been quite inflamed, and my stool has been extremely bloody."
dimorphic hemorrhoids,"Lately I've been experiencing constipation, pain during bowel movements, and pain in my anus. My stool has also been really bloody and my anus has been really irritated."
dimorphic hemorrhoids,"Recently, I've been having a lot of difficulty using the restroom. My bowel movements have been extremely uncomfortable and difficult for me to have.  My anus has been quite inflamed, and my stool has been extremely bloody."
dimorphic hemorrhoids,"I've been having a lot of trouble going to the bathroom lately. It's really painful when I do, and there's been some blood in my stool. I've also been having some pain and irritation around my anus."
dimorphic hemorrhoids,"Recently, I've been having a lot of difficulty using the restroom. When I do, it hurts a lot, and I've noticed some blood in my stool. Around my anus, I've also been experiencing some discomfort and itching."
dimorphic hemorrhoids,"Lately I've been really constipated, and it's been really painful when I do go to the bathroom. I've also noticed some blood in my stool, and my anus has been really irritated."
dimorphic hemorrhoids,"I've been suffering from severe constipation lately, and whenever I do go to the restroom, it hurts a lot. Aside from that, my anus has been really itchy, and I've observed some blood in my stool."
dimorphic hemorrhoids,"I've been having a lot of trouble going to the bathroom lately, and it's been really painful. I've also noticed that my stool has been bloody and my anus has been really irritated."
dimorphic hemorrhoids,"Recently, I've been having a lot of discomfort and difficulty using the restroom. Additionally, I've noticed that my anus has been quite sore and that my stool has been bloody."
dimorphic hemorrhoids,"I've been terribly constipated lately, and when I do go to the bathroom, it hurts a lot. Aside from that, my anus has been really itchy, and I've observed some blood in my stool."
dimorphic hemorrhoids,"I've been quite constipated lately, and going to the restroom has been excruciatingly uncomfortable. I've also observed blood in my stool, and my anus has been aggravated."
dimorphic hemorrhoids,I've been having a lot of trouble going to the bathroom lately. It's been really painful and I've been experiencing pain in my anus. My stool has also been bloody and my anus has been really irritated.
dimorphic hemorrhoids,"I've been having a lot of problems using the restroom recently. It's been excruciatingly uncomfortable, and I've been feeling agony in my anus. My stool has been bloody as well, and my anus has been really inflamed."
dimorphic hemorrhoids,"I've been having trouble going to the restroom recently. When I try to go, it's really uncomfortable, and my anus hurts a lot. I've also had some blood in my stool, and my anus has been really uncomfortable."
dimorphic hemorrhoids,I've been having a really hard time going to the bathroom lately. It's really painful when I try to go and my anus hurts a lot. There's also been some blood in my stool and my anus has been really itchy.
dimorphic hemorrhoids,"I've been experiencing problems using the restroom recently. It's quite difficult for me to go, and it hurts when I do. I've also been experiencing buttock soreness and bloody stools. My anus has also been quite itching and sensitive."
dimorphic hemorrhoids,"Recently, I've been having problems using the restroom. Going is incredibly difficult, and doing so hurts. In addition, I've been experiencing some butt soreness, and my stools have been bloody. My anus has also been quite itching and aggravated."
dimorphic hemorrhoids,"I've been constipated and it's really hard to go to the bathroom. When I do go, it hurts and my stool has been bloody. I've also been having some pain in my butt and my anus has been really itchy and irritated."
dimorphic hemorrhoids,"Since I've been constipated, using the restroom has been quite challenging. When I do go, it aches and I've had blood in my stool. My anus has been quite itchy and irritating, and I've also been experiencing some discomfort in my butt."
dimorphic hemorrhoids,"Constipation has made it quite difficult for me to use the restroom. My stool has been bloody when I do go, and it hurts. In addition, my anus has been quite itchy and inflamed, and I've been experiencing some butt soreness."
dimorphic hemorrhoids,"It's incredibly difficult for me to use the restroom, and when I do, it hurts a lot. My stools have been bloody, and my butt has been hurting. My anus has also been quite itching and aggravated."
dimorphic hemorrhoids,I'm having a lot of trouble going to the bathroom and it's really painful when I do. My stool has been bloody and I've had some pain in my butt. My anus has been really itchy and irritated too.
dimorphic hemorrhoids,I've been having trouble going to the bathroom. It's been really hard to go and it hurts when I do. My anus is really sore and it's been bleeding when I go. It's really painful and I'm really uncomfortable.
dimorphic hemorrhoids,"I've been finding it challenging to use the restroom. Going has been quite difficult, and it aches when I do. When I go, my anus bleeds and is really uncomfortable. I'm in a lot of discomfort and it hurts extremely bad."
dimorphic hemorrhoids,"I've been having difficulty using the restroom. It's been difficult to go, and it aches when I do. My anus is quite painful, and it has been bleeding whenever I go. It's excruciatingly painful, and I'm quite uneasy."
dimorphic hemorrhoids,Lately I've been experiencing constipation and pain during bowel movements. My anus is really sore and it's been bleeding when I go. It's really painful and I'm really uncomfortable.
dimorphic hemorrhoids,"I've recently been suffering from constipation and digestive discomfort. My anus is quite painful, and it has been bleeding whenever I go. It's excruciatingly painful, and I'm quite uneasy."
dimorphic hemorrhoids,"Constipation and soreness with bowel motions have been bothering me lately. When I go, my anus bleeds and is really uncomfortable. I'm in a lot of discomfort and it hurts extremely bad."
dimorphic hemorrhoids,I've been having a lot of trouble with my bowel movements lately. It's hard to go and it hurts when I do. My anus is really sore and it's been bleeding when I go. It's really painful and I'm really uncomfortable.
dimorphic hemorrhoids,"My bowel motions have been really difficult for me recently. Going is difficult, and it aches when I do. When I go, my anus bleeds and is really uncomfortable. I'm in a lot of discomfort and it hurts extremely bad."
dimorphic hemorrhoids,"I've been experiencing a lot of bowel movement issues recently. It's difficult to go, and it hurts when I do. My anus is quite painful, and it has been bleeding whenever I go. It's excruciatingly painful, and I'm quite uneasy."
dimorphic hemorrhoids,I'm having a lot of trouble with my bowel movements lately. It's hard to go and it hurts when I do. My anus is really sore and it's been bleeding when I go. It's really painful and I'm really uncomfortable.
dimorphic hemorrhoids,"I've been experiencing a lot of problems with my bowel motions recently. It's difficult to go, and it hurts when I do. My anus is quite painful, and it has been bleeding whenever I go. It's excruciatingly painful, and I'm quite uneasy."
dimorphic hemorrhoids,"My bowel motions are giving me a lot of problems right now. Going is difficult, and going hurts when I do it. When I go, my anus bleeds and is really uncomfortable. I'm in a lot of discomfort and it hurts extremely bad."
dimorphic hemorrhoids,"I've been having constipation and bowel motions that hurt recently. When I go, my anus bleeds and is really uncomfortable. I'm in a lot of discomfort and it hurts extremely bad."
dimorphic hemorrhoids,"I've been experiencing a lot of bowel movement issues recently. It's difficult to go, and it hurts when I do. My anus is quite painful, and it has been bleeding whenever I go. It's really painful and I'm really uncomfortable."
dimorphic hemorrhoids,"I've been getting a lot of bowel issues recently. It's difficult for me to go, and it hurts when I do. My anus is quite painful, and it has been bleeding whenever I go. It's excruciatingly painful, and I'm quite uneasy."
dimorphic hemorrhoids,I've been having a really hard time going to the bathroom lately. It's really painful and I'm only able to go every few days. There's also a lot of pain in my anus and around that area. My stool has been really bloody and my anus feels really irritated.
dimorphic hemorrhoids,"I've been finding it incredibly difficult recently to use the restroom. I can only go sporadically because it hurts so much. My anus and the surrounding region are also quite painful. My anus feels really aggravated, and my stool has been extremely bloody."
dimorphic hemorrhoids,I'm having a lot of trouble with constipation and pain while trying to go to the bathroom. It hurts a lot in my anus and the area around it. My stool has been bloody and my anus is really irritated.
dimorphic hemorrhoids,"Constipation and bowel movement discomfort have been very common for me lately. The region surrounding my anus and I both ache a lot. My anus is really itchy, and my stool has been bloody."
arthritis,"My muscles have been feeling really weak, and my neck has been extremely tight. I've been experiencing a lot of stiffness when I walk about and my joints have been swollen. Walking has also been really uncomfortable."
arthritis,I've been feeling really weak in my muscles and my neck has been really stiff. My joints have been swelling up and I've been having a lot of stiffness when I move around. It's also been really painful to walk.
arthritis,"My muscles have been quite weak, and my neck has been really stiff. My joints have swollen and I've been experiencing a lot of stiffness when I move around. Walking has also been excruciatingly uncomfortable."
arthritis,I've been feeling really weak in my muscles and my neck has been really stiff. My joints have been swelling up and it's been hard to move around. Walking has been really painful.
arthritis,"My muscles have been really weak, and my neck has been extremely stiff. My joints have swollen, making it difficult to move about. Walking has been excruciatingly uncomfortable."
arthritis,"I've been experiencing severe muscular weakness, and my neck has been really stiff. It has been difficult to move about since my joints have swollen. It has been really uncomfortable to walk."
arthritis,"My muscles have been feeling really weak, and my neck has been extremely tight. My joints have swollen, making it difficult for me to move. It has hurt a lot to walk."
arthritis,"My neck has been so tense, and I've been feeling like my muscles are incredibly weak. I have trouble moving since my joints have enlarged. To walk has been quite painful."
arthritis,"My neck has been really stiff, and I've had terrible muscle weakness. Due to the swelling in my joints, it has been challenging to move about. Walking has been quite unpleasant."
arthritis,I've been feeling really weak in my muscles lately and my neck has been really stiff. My joints have been swelling up and it's hard for me to move around without feeling stiff. Walking has been really painful too.
arthritis,"Recently, my muscles have felt quite weak, and my neck has been really tight. I have swollen joints and find it difficult to move about without becoming stiff. It has also been really uncomfortable to walk."
arthritis,"I've been experiencing muscular weakness and stiffness in my neck recently. My joints have swollen, making it difficult for me to walk about without becoming stiff. Walking has also been excruciatingly uncomfortable."
arthritis,"Recently, I've been suffering neck muscle weakness and stiffness. My joints have enlarged and it is difficult for me to walk without feeling stiff. Walking has also been excruciatingly uncomfortable."
arthritis,"Lately, my neck has been tight and my muscles have been weakened. I have swelling joints that make it difficult for me to move about without getting stiff. It has also been agonisingly painful to walk."
arthritis,"My muscles have been feeling really weak, and my neck has been extremely tight. I have swollen joints and find it difficult to move about without becoming stiff. It has also been really uncomfortable to walk."
arthritis,"My muscles have been quite weak, and my neck has been really stiff. My joints have swollen, making it difficult for me to walk about without becoming stiff. Walking has also been excruciatingly uncomfortable."
arthritis,"My muscles have been really weak, and my neck has been extremely stiff. My joints have swollen, making it difficult for me to walk about without feeling stiff. Walking has also been really uncomfortable."
arthritis,"My muscles have been quite weak, and my neck has been really stiff. My joints have swollen, making it difficult for me to move without becoming stiff. Walking has been quite uncomfortable as well."
arthritis,"My neck has been really tight, and my muscles have been rather weak. I have swelling joints that make it hard for me to move without getting stiff. Additionally, walking has been quite unpleasant."
arthritis,My neck has been extremely tight and my muscles have been feeling extremely weak. It is difficult for me to move around without becoming stiff due to my swollen joints. Walking has also been extremely uncomfortable.
arthritis,"My neck has been extremely stiff and my muscles have been extremely weak. As a result of swelling in my joints, I find it difficult to move around without feeling stiff. Additionally, walking has been extremely uneasy."
arthritis,"I've been experiencing stiffness and weakness in my neck muscles recently. Since my joints have grown, it's hard for me to walk without getting stiff. Additionally, walking has been extremely uncomfortable."
arthritis,"My neck has been extremely tight and my muscles have been feeling extremely weak. My joints have been swollen and I've been walking around with a lot of stiffness. Additionally, walking has been extremely uneasy."
arthritis,"My muscles have been quite weak, and my neck has been really stiff. My joints have swollen, making it difficult for me to walk about without feeling stiff. Walking has also been really uncomfortable."
arthritis,"I've been experiencing severe muscular weakness, and my neck has been really stiff. I have swollen joints and find it difficult to move about without becoming stiff. It has also been really uncomfortable to walk."
arthritis,I've been feeling truly frail in my muscles recently and my neck has been truly solid. Swollen joints make it difficult for me to move around. Walking has also been difficult.
arthritis,"Recently, my muscles have felt quite weak, and my neck has been really tight. I have swollen joints, making it difficult for me to move. Walking has also been painful."
arthritis,"I've been experiencing muscular weakness and stiffness in my neck recently. My joints have enlarged, making it difficult for me to move. Walking has also been difficult."
arthritis,I've been feeling truly frail in my muscles recently and my neck has been truly solid. It has been difficult for me to move around because my joints have been swelling. Walking has also been extremely painful.
arthritis,"My muscles have been feeling feeble recently, but my neck has been rock solid. My joints have become swollen, making it difficult for me to move about. Walking has been quite uncomfortable as well."
arthritis,"My muscles have been feeling rather weak lately, but my neck has been really strong. My joints have swollen, making it challenging for me to move about. It has also been excruciatingly difficult to walk."
arthritis,My neck has been extremely tight and my muscles have felt quite weak recently. It is difficult for me to move around without becoming stiff due to my swollen joints. Walking has also been extremely uncomfortable.
arthritis,"I've been experiencing stiffness and weakness in my neck muscles recently. Since my joints have grownup, it's heavy on behalf of Pine Tree State to run whereas not getting stiff. additionally, walking has been terribly uncomfortable."
arthritis,"I've been experiencing muscular weakness and stiffness in my neck recently. My joints have swollen, creating it troublesome on behalf of me to run regarding while not changing into stiff. Walking has additionally been agonizingly uncomfortable."
arthritis,"My muscles are quite weak, and my neck has been very stiff. My joints have swollen, creating it troublesome on behalf of me to steer concerning while not feeling stiff. Walking has conjointly been very uncomfortable."
arthritis,"My muscles area unit quite weak, and my neck has been terribly stiff. My joints have swollen, making it hard on behalf of Maine to steer regarding whereas not feeling stiff. Walking has put together been terribly uncomfortable."
arthritis,"I've been experiencing stiffness and weakness in my neck muscles recently. Since my joints have grownup, it's onerous on behalf of me to run while not obtaining stiff. in addition, walking has been extraordinarily uncomfortable."
arthritis,My neck has been very tight and my muscles have felt quite weak recently. it's tough on behalf of me to maneuver around while not changing into stiff thanks to my swollen joints. Walking has additionally been very uncomfortable.
arthritis,"Recently, when I try to walk about, I have stiffness, a stiff neck, swollen joints, and muscular weakness. Walking has also been really uncomfortable."
arthritis,"Lately i have been experiencing muscle weakness, a stiff neck, swelling joints, and stiffness after I attempt to move around. it is also been very painful to steer."
arthritis,"Recently, the muscles in my neck have become tight and weak. It's difficult for me to run now since my joints are older without getting tight. The act of walking has also been quite unpleasant."
arthritis,"I've been experiencing stiffness and weakness in my neck muscles recently. Since my joints have grownup, it's heavy on behalf of American state to run whereas not getting stiff. additionally, walking has been very uncomfortable."
arthritis,"Recently, the muscles in my neck have become tight and weak. Since my joints have matured, it is difficult for the American government for me to run without becoming stiff. Walking has also been quite unpleasant."
arthritis,"Lately, I've been having stiffness and weakness in my neck muscles. Since my joints have matured, it is difficult for the American state to operate without becoming stiff. Furthermore, walking has been quite painful."
acne,I've been having a really bad rash on my skin lately. It's full of pus-filled pimples and blackheads. My skin has also been scurring a lot.
acne,I've just developed a severe rash on my skin. It's clogged with pus-filled pimples and blackheads. My skin has also been quite sensitive.
acne,"My skin has been breaking out in a terrible rash lately. Blackheads and pus-filled pimples abound on it. Additionally, my skin has been scurring a lot."
acne,"I've recently been experiencing a severe skin rash. Blackheads and pimples packed with pus are everywhere. Additionally, my skin has been scurring a lot."
acne,I've been having a very unhealthy rash on my skin latterly. It's filled with pus-filled pimples and blackheads. My skin has additionally been scurring heaps.
acne,My skin has just acquired a nasty rash. It's full of pus-filled pimples and blackheads. My skin has been really sensitive as well.
acne,"A nasty rash has just appeared on my skin. Blackheads and pimples packed with pus are everywhere. Additionally, my skin has been extremely sensitive."
acne,"I recently experienced a severe skin rash. Blackheads and pimples filled with pus are clogging it. Additionally, my skin has been quite irritated."
acne,My skin has recently been severely rashy. Blackheads and pus-filled pimples have blocked it. My skin has been quite delicate as well.
acne,Lately I've been experiencing a skin rash with a lot of pus-filled pimples and blackheads. My skin has also been scurring a lot.
acne,"A skin rash with several pus-filled pimples and blackheads has been bothering me lately. Additionally, my skin has been scurring a lot."
acne,My skin has now developed a revolting rash. There are pus-filled pimples and blackheads everywhere. My skin has also been really sensitive.
acne,"My skin has developed a horrible rash. There are blackheads and pus-filled pimples everywhere. Furthermore, my skin has been exceedingly sensitive."
acne,My skin has simply nonheritable a nasty rash. It's packed with pus-filled pimples and blackheads. My skin has been very sensitive moreover.
acne,"My skin has developed a terrible rash that is not inherited. It has a lot of blackheads and pus-filled pimples. Furthermore, my skin has been exceedingly sensitive."
acne,"Recently, I've been experiencing a lot of acne breakouts with pimples that contain pus. I've also been struggling with blackheads."
acne,I woke up this morning and found that I have a really nasty rash all over my skin. There are a ton of blackheads and pimples that are filled with pus. My skin has also been really scurrying.
acne,I've been noticing a really nasty rash on my skin lately. It's covered in blackheads and pimples that are packed with pus. My skin has also been really scurrying.
acne,I just developed a really nasty rash on my skin. There are tons of blackheads and pimples that are filled with pus. My skin has also been really scurrying.
acne,I've been dealing with a really nasty rash on my skin lately. It's covered in blackheads and pimples that are packed with pus. My skin has also been really scurrying.
acne,I woke up this morning to find a really nasty rash on my skin. There are a ton of blackheads and pimples that are filled with pus. My skin has also been really scurrying.
acne,I've been struggling with a really nasty rash on my skin lately. It's covered in blackheads and pimples that are packed with pus. My skin has also been really scurrying.
acne,I've recently developed a terrible rash on my skin. It's riddled with blackheads and pus-filled pimples. My skin has also been scurrying everywhere.
acne,I recently had a horrible rash on my skin. There are several blackheads and pus-filled pimples. My skin has also been moving around a lot.
acne,"This morning when I woke up, I discovered that I have an extremely bad rash all over my body. There are several pus-filled pimples and blackheads all around. My skin has also been moving around a lot."
acne,I awoke this morning to see that I had a horrible rash all over my skin. There are several blackheads and pimples loaded with pus. My skin has also been scurrying about.
acne,I've just developed a skin rash with several pus-filled pimples and blackheads. My skin has also been quite sensitive.
acne,"I woke up this morning to find that I have a terrible rash all over my body. Blackheads and pus-filled pimples are all over the place. Additionally, my skin has been changing a lot."
acne,"When I awoke this morning, I realised that I had a severe rash all over my body. There are many pus-filled pimples and blackheads all over the place. My skin has also been scurring a lot."
acne,I've recently developed a terrible rash on my skin. It's riddled with blackheads and pus-filled pimples. My skin has also been scurrying about.
acne,I awoke this morning to see a horrible rash on my skin. There are several blackheads and pimples loaded with pus. My skin has also been scurrying about.
acne,"This morning when I woke up, I discovered an extremely bad rash on my skin. There are several pus-filled pimples and blackheads all around. My skin has also been moving around a lot."
acne,I've recently been battling a pretty itchy rash on my skin. There are pus-filled pimples and blackheads all over it. My skin has also been scurring a lot.
acne,"This morning, I realized that I had a major rash all over my body. There are lots of pimples filled with pus and blackheads everywhere, and my skin has been scurrying a lot."
acne,"I woke up today to find that I had a major rash all over my body. There are lots of pimples filled with pus and blackheads everywhere, and my skin has been scurrying a lot."
acne,"I woke up this morning to find that I had a major rash all over my body. It's covered in pus-filled pimples and blackheads, and my skin has been scurrying a lot"
acne,"This morning, I saw a large rash all over my body. There are a lot of pus-filled pimples and blackheads all over my face, and my skin has been scurrying a lot."
acne,"I discovered that I had a significant rash all over my body this morning. Blackheads and pus-filled pimples are proliferating, and my skin has been scurrying a lot."
acne,"Yesterday, I noticed an enormous rash all over my skin. There are a lot of pus-filled pimples and blackheads all over my face, and my skin has been scurrying a lot."
acne,"I discovered a huge rash on my skin yesterday. My face is covered of blackheads and pus-filled pimples, and my skin has been crawling a lot."
acne,"My skin has a horrible rash that is absolutely nonheritable. Blackheads and pus-filled pimples abound on it. In addition, my skin has been quite sensitive."
acne,"My skin has merely developed an uninherited rash. It has a lot of pus-filled pimples and blackheads. Furthermore, my skin has been quite sensitive."
acne,"When I awoke this morning, I saw a severe rash across my skin. There are many pus-filled pimples and blackheads all over the place. My skin has also been shifting a lot."
acne,"When I woke up this morning, I saw a terrible rash on my skin. Blackheads and pus-filled pimples are all over the place. Additionally, my skin has been shifting a lot."
acne,"I've recently struggled with a really irritating skin rash. There are blackheads and pus-filled pimples all over it. Additionally, my skin has been scurring a lot."
acne,I've recently been dealing with an itching rash on my skin. It's covered in pus-filled pimples and blackheads. My skin has also been quite sensitive.
bronchial asthma,"I have been feeling extremely tired and weak, and I've also been coughing a lot with difficulty breathing. My fever is very high, and I'm producing a lot of mucus when I cough."
bronchial asthma,"I've got a cough that won't go away, and I'm exhausted. I've been coughing up thick mucous and my fever is also pretty high."
bronchial asthma,"I have a persistent cough and have been feeling quite fatigued. My fever is through the roof, and I'm having trouble breathing. When I cough, I also cough up a lot of mucous."
bronchial asthma,"I've been having issues with exhaustion, a dry cough, and breathing. I have a very high fever and have been coughing up a lot of thick, mucoid phlegm."
bronchial asthma,"I feel really fatigued and weak, and I have a bad cough. My fever is really high, and my breathing has become shallow. When I cough, a lot of saliva comes out as well."
bronchial asthma,"I've had a lot of sleepiness, a cough that refuses to go away, and breathing difficulty. I've been coughing up a lot of thick, mucoid saliva and have a high fever."
bronchial asthma,"doctor, i have been having high fever since past few days , saliva also became thick , dry cough , weakness also seen"
bronchial asthma,"I have a cough that has continued for days, and I feel really weak and tired. My fever is high, and my breath has become strained. When I cough, I also generate a lot of mucus."
bronchial asthma,"Mom, Dad, I've been feeling really tired and weak lately, and I've had this cough that just won't go away. It's been hard for me to catch my breath, and my fever has been really high. When I cough, I've been producing a lot of mucus."
bronchial asthma,"Hey Mom, Hey Dad, I've been feeling really exhausted lately and have had this persistent cough. My breathing has become shallow, and my fever is very high. I've also been coughing up a lot of thick, mucoid sputum"
bronchial asthma,"Recently, I've felt quite weak and exhausted, and I've also had a cough that simply won't go away. My fever has been really high, and it has been challenging for me to catch my breath. I've been making a lot of mucous when I cough."
bronchial asthma,"I've felt terribly weak and drained, and I've also had a cough that that won't go away. My fever has been exceptionally high, and it has been challenging to try to catch my breath. I've been creating a lot of mucous when I cough."
bronchial asthma,"I'm feeling really tired and weak lately, and I've had this cough that just won't go away. My breathing has become shallow, and my fever has been really high. When I cough, I've been producing a lot of thick, mucoid sputum"
bronchial asthma,"feeling extremely exhausted and have had this persistent cough. It's been hard for me to catch my breath, and my fever is very high. I've also been producing a lot of mucus when I cough"
bronchial asthma,"I've been struggling with fatigue and a constant cough that's been making it difficult to breathe. My fever is high, and I've been coughing up a lot of thick, mucoid sputum."
bronchial asthma,"I've had a nagging cough that won't go away, and my breathing has become labored. My fever is also very high, and I'm feeling very weak and tired. I've been producing a lot of mucus when I cough"
bronchial asthma,"I've been experiencing a high fever, a persistent cough, and shortness of breath. I've also been producing a lot of thick, mucoid sputum, and I'm feeling very tired and weak."
bronchial asthma,"I've been having breathing issues, a persistent cough, and exhaustion. I've been coughing up a lot of thick, mucoid sputum and have a very high fever. I'm just feeling so drained and tired from having to deal with all of this."
bronchial asthma,"I've had this cough that's been lingering for days and difficulty breathing. My fever is sky-high, and I'm feeling so weak and tired. I've also been producing a lot of mucus when I cough, and it's just been so overwhelming to deal with all of these symptoms. I'm getting so frustrated with all of this."
bronchial asthma,"I've had a persistent cough for days, and I also have breathing problems. I'm so weak and exhausted, and my fever is through the roof. It's been very difficult to manage all of these symptoms, and I've also been coughing up a lot of mucus. I'm becoming so angry over everything."
bronchial asthma,"I've been struggling with difficulty breathing, a constant cough, and fatigue. My fever is extremely high, and I've been coughing up a lot of thick, mucoid sputum. It's been so hard to deal with all of this, and I'm just feeling so drained and worn out"
bronchial asthma,"I've been having breathing issues, a persistent cough, and exhaustion. I've been coughing up a lot of thick, mucoid sputum and have a very high fever. I'm just feeling so exhausted and tired from having to cope with all of this."
bronchial asthma,"I've been feeling really ill lately. I've had this persistent cough and difficulty breathing, and my fever has been off the charts. I'm also feeling extremely exhausted, and I've been producing a lot of mucus when I cough. It's just been so overwhelming to deal with all of these symptoms"
bronchial asthma,"Recently, I've been feeling terrible. My fever has been through the roof, and I've had a persistent cough and breathing problems. I've been coughing up a lot of phlegm and am also feeling quite weary. Dealing with all of these symptoms has been quite difficult."
bronchial asthma,"I've had a fever, a cough that won't go away, and shortness of breath. In addition, I've been coughing up a lot of thick, mucoid saliva and I feel quite worn out and weak."
bronchial asthma,"Hey, I've had a dry cough, breathing difficulties, as well as a high fever. a lot of mucous is being produced, and I feel incredibly weak and tired."""
bronchial asthma,"Recently, I have had a number of concerning symptoms, including a dry cough, impaired breathing, a high fever, and a lot of mucus. I also feel very weak and tired."
bronchial asthma,"I am currently dealing with a number of health issues, including a dry cough, difficulty breathing, a high fever, and increased mucus production. I am also feeling very weak and tired"
bronchial asthma,"its been a week , i am suffering from continious health issues like dry cough  , problems in breathing , weakness throughout the day."
bronchial asthma,"Doctor , from couple of days i am not able to brethe propelry , lying on bed due to high fever , lot of mucus gets out . please suggest me some medicines."
bronchial asthma,"I've been experiencing shortness of breath, a persistent cough, and a high fever. I've also been producing a lot of thick, mucoid sputum, and I'm feeling so drained and exhausted. It's been so hard to deal with all of this."
bronchial asthma," I'm so weak and exhausted, and my fever is through the roof. It's been very difficult to manage all of these symptoms, and I've also been coughing up a lot of mucus. I'm becoming so angry over everything."
bronchial asthma," must confess that I've been experiencing shortness of breath, a persistent cough, and a high fever. I've also been producing a lot of thick, mucoid sputum, and I'm feeling quite drained and exhausted. It's all been rather tough to deal with, and I'm feeling quite sick at the moment"
bronchial asthma,"I must admit that I have been having a high fever, a persistent cough, and shortness of breath. In addition, I've been coughing up a lot of thick, mucoid saliva and I've been feeling really depleted and worn out."
bronchial asthma,"I've been having a tough time with this constant cough, difficulty breathing, and fatigue. My fever is high, and I've been coughing up a lot of thick, mucoid sputum. It's all been rather draining and exhausting, and I'm feeling quite sick at the moment."
bronchial asthma,"I've been struggling with a persistent cough, breathing issues, and exhaustion. I've been coughing up a lot of thick, mucoid sputum and have a high fever. All of this has been really tiring and exhausting, and right now I'm feeling rather ill."
bronchial asthma,"I've been dealing with a bad cough, breathing issues, and drowsiness. I've been coughing up a lot of thick, mucoid sputum and have a high fever. All of this has been really exhausting and exhausting, and right now I'm feeling rather ill."
bronchial asthma,"My persistent cough, breathing problems, and exhaustion have been making things difficult for me. I've been producing copious amounts of thick, mucoid sputum while also having a high fever. I'm currently feeling fairly ill because everything has been so tiring and exhausting."
bronchial asthma,"With my persistent cough, respiratory issues, and exhaustion, I've been struggling. I have a high fever and have been producing a lot of thick, mucoid sputum while coughing. I currently feel rather sick as a result of how draining and tiresome everything has been."
bronchial asthma,"My fever is through the roof, and I'm so weak and tired out. I've been coughing up a lot of mucous, and managing all of these symptoms has been really hard. Everything is making me so upset."
bronchial asthma,"Doctor Due to a high fever, I haven't been able to breathe via my nose or mouth for a few days and feelinf too tired. Please recommend some medications for me."
bronchial asthma,"Hey, I've got a dry cough, trouble breathing, and a high fever. I'm producing a lot of mucus and am feeling quite weak and exhausted."
bronchial asthma,"I've been coughing nonstop for days, and I also have respiratory issues. My fever is through the roof, and I'm so weak and worn out. All of these symptoms have been really challenging for me to control,"
bronchial asthma,"In addition to sleepiness, I've been having trouble breathing due to a persistent cough. I've been coughing up a lot of thick, mucoid sputum and have a high fever."
bronchial asthma,"I've been struggling to breathe, coughing constantly, and feeling worn out. I have a very high fever and have been coughing up a lot of thick, mucoid saliva. I simply feel so worn out and exhausted from trying to deal with everything."
bronchial asthma,"I've been experiencing difficulty breathing, a chronic cough, and weariness. I've been producing a lot of thick, mucoid sputum while also running a very high temperature. Due to having to cope with all of this, I'm simply feeling extremely worn out and exhausted."
bronchial asthma,"Hello, Mom and Father Recently, I've felt incredibly worn out and have had a cough that won't go away. My fever is really high, and my breathing has become shallow. Additionally, I've been coughing up a lot of mucous, thick sputum."
bronchial asthma,"Doctor Due to a high fever, I haven't been able to breathe via my nose or mouth for a few days and feeling too tired.sometimes mucus has been seen too.Please recommend some medications for me."
bronchial asthma,"I've had ongoing health problems for a week, including a dry cough, breathing difficulties, and general weakness."
hypertension,"I have been experiencing a headache, chest pain, dizziness, and difficulty maintaining my balance. I also feel like I am having trouble concentrating"
hypertension,"Along with a headache, chest pain, instability, and balance issues, I've also been feeling dizzy. I also think I'm having problems focusing."
hypertension,"Along with a head pain, chest pain, instability, and balance issues, I've also been feeling unwell. I also think I'm having problems focusing."
hypertension,"In addition to a head pain, chest pain, instability, and balance issues, I've already been feeling unwell. I also suppose I'm having issues focusing."
hypertension,"I've been experiencing balance issues, a headache, chest pain, and dizziness. My ability to concentrate and focus has also been challenging."
hypertension,"I've been encountering trouble walking, a headache, chest pain, and dizziness. My concentration skills and focus has also been challenging."
hypertension,"I've been encountering poor balance, a headache, chest pain, and dizziness. My ability to pay attention and focus has also been problematic."
hypertension,"My coordination has been off, and I've been experiencing a headache, chest pain, and dizziness. Additionally, I've had trouble concentrating and focusing."
hypertension,"My symptoms include a headache, chest pain, dizziness, lack of balance, and trouble concentrating."
hypertension,"I have been experiencing symptoms such as a headache, chest pain, dizziness, loss of balance, and difficulty focusing."
hypertension,"I've been suffering from symptoms including a headache, chest pain, dizziness, losing my balance, and trouble concentrating."
hypertension,"Headache, chest discomfort, dizziness, lack of balance, and difficulty concentrating are some of the symptoms I've been having."
hypertension,"Along with a headache and chest pain, I also experienced fainting and balance issues. Additionally, I've discovered that it's hard for me to focus."
hypertension,"I've been experiencing balance issues, a headache, chest pain, and dizziness. I've also realised that I'm having trouble focusing."
hypertension,"My balance has been off, and I have a headache, chest pain, and dizziness. I've also observed that it's hard for me to concentrate."
hypertension,"I've been experiencing balance issues, chest pain, headaches, and pains. I've been having trouble focusing as well."
hypertension,"I have been experiencing chest pain, dizziness, and a headache that feels like a continual pressure in my forehead."
hypertension,"I have been feeling lightheaded and unsteady on my feet, and have also noticed a decline in my ability to focus and concentrate."
hypertension,"I've been experiencing dizziness and shakiness, as well as a loss in my attention span and ability to concentrate."
hypertension,"I've been experiencing dizziness and anxiousness, as well as a loss in my attention and concentration and ability to concentrate."
hypertension,"I've had intense aches in my chest, a headache that won't go away, and I've been feeling dizzy and unsteady."
hypertension,"I've had intense aches in my chest, a head  pain that refuses to go away, and I've been feeling dizzy and unsteady."
hypertension,"Along with chest pain, dizziness, and a headache that feels like a narrow zone around my head, I have been having a lot of trouble."
hypertension,"I have been struggling with a headache that feels like a tight band around my head, along with chest pain and dizziness."
hypertension,I've been experiencing balance issues in addition to feeling disoriented and dizzy. My headache has also been present nonstop.
hypertension,"I have been feeling disoriented and dizzy, and have also had trouble keeping my balance. My headache has been a constant presence as well."
hypertension,"I've been experiencing balance issues along with feeling dizzy and lightheaded. Additionally, I've seen a drop in my concentration and focus."
hypertension,"In addition to feeling dizzy and lightheaded, I've been having problems keeping my equilibrium. My capacity to concentrate and focus has also been slipping, I've noticed."
hypertension,"I have been experiencing a headache that feels like a sharp pain in my temples, along with chest pain and dizziness."
hypertension,"Along with a chest pain and dizziness, I've had a headache that seems like a sharp pain in my forehead."
hypertension,"I have been feeling fine all day, but suddenly developed a headache, chest pain, and dizziness while out for a walk. It's been hard for me to focus and concentrate since then."
hypertension,"While taking a walk, I suddenly started experiencing headache, chest pain, and dizziness after feeling fine all day. Since then, it has been challenging for me to concentrate and focus."
hypertension,"I woke up this morning with a headache and chest pain, and as the day has gone on, I've also been feeling dizzy and unsteady on my feet"
hypertension,"I had a headache and chest pain this morning, and as the day wore on, I also started to feel unsteady and unstable on my feet."
hypertension,"I have been dealing with a headache and chest pain for a few days now, but today the dizziness and loss of balance became much worse."
hypertension,"For a few days now, I've been suffering from a headache and chest pain, but today the dizziness and lack of balance got considerably worse."
hypertension,"I was at work when I started feeling a headache, chest pain, and dizziness. It's been hard for me to concentrate and focus on my tasks since then."
hypertension,"When I first experienced a headache, chest pain, and lightheadedness, I was at work. Since then, it has been challenging for me to focus and concentrate on my work."
hypertension,"I was in the middle of a workout when I suddenly developed a headache, chest pain, and dizziness. It's been hard for me to maintain my balance since then"
hypertension,"I instantly experienced a headache, chest pain, and dizziness while working out. Since then, it has been challenging for me to keep my balance."
hypertension,"I have been feeling fine all day, but suddenly developed a headache, chest pain, and dizziness while driving home from work. It's been hard for me to focus and concentrate on the road since then."
hypertension,"I felt fine all day, but when I was driving home from work, I suddenly started to have headache, chest discomfort, and dizziness. Since then, it has been challenging for me to concentrate and focus while driving."
hypertension,"I was out shopping when I started feeling a headache, chest pain, and dizziness. It's been hard for me to focus and concentrate on my tasks since then."
hypertension,"When I first experienced a headache, chest pain, and lightheadedness, I was out shopping. Since then, it has been difficult for me to concentrate on my work."
hypertension,"I woke up this morning feeling fine, but as the day went on, I started experiencing a headache, chest pain, and dizziness. It's been hard for me to focus and concentrate on my work since then."
hypertension,"I felt good when I woke up this morning, but as the day wore on, I began to feel headachey, sick to my stomach, and dizzy. Since then, it has been challenging for me to concentrate and focus on my work."
hypertension,"I was in the middle of a meeting when I suddenly developed a headache, chest pain, and dizziness. It's been hard for me to focus and concentrate on the discussion since then."
hypertension,"I suddenly experienced a headache, chest pain, and dizziness in the middle of a conference. Since then, it has been challenging for me to concentrate and focus on the topic."
hypertension,"I have been feeling fine all day, but suddenly developed a headache, chest pain, and dizziness while out for a run. It's been hard for me to maintain my balance since then"
migraine,"I have been experiencing acidity and indigestion after meals, as well as frequent headaches and blurred vision."
migraine,"I've been getting frequent headaches and hazy vision, as well as acid reflux and indigestion after meals."
migraine,"I have been having trouble with my vision, seeing things as distorted and experiencing visual disturbances."
migraine,"I've been suffering visual disruptions, seeing things as distorted, and eyesight problems."
migraine,"I've been facing visual disruptions, seeing things as distorted, and eyesight difficulties."
migraine,"I have been feeling excessively hungry, even after eating, and have had a stiff neck."
migraine,"I've been grumpy and gloomy lately, and I've also noticed a change in my vision."
migraine,"I have been feeling depressed and irritable, and have noticed a change in my vision."
migraine,"I've been irritated and depressed lately, and I've also noticed a change in my vision."
migraine,"Along with recurrent headaches and blurred vision, I suffer acid reflux and trouble digesting my food."
migraine,"I have been experiencing acid reflux and difficulty digesting my food, along with regular headaches and impaired vision"
migraine,"I have been feeling hungry all the time and have had a sore neck, as well as problems with my vision."
migraine,"In addition to having a stiff neck and eye issues, I have been always hungry."
migraine,"I have been experiencing acidity, indigestion, headaches, and blurred and distorted vision, as well as excessive hunger, a stiff neck, depression, irritability, and visual disturbance."
migraine,"Along with excessive appetite, a stiff neck, depression, impatience, and visual disturbance, I've also been having indigestion, headaches, blurred vision, and acid reflux."
migraine,"Along with excessive appetite, a stiff neck, depression, impatience, and visual disturbance, I've also been suffering indigestion, headaches, blurred vision, and stomach problems."
migraine,"I have been suffering from acid reflux, indigestion, frequent headaches, and impaired vision, as well as excessive hunger, a sore neck, depression, irritability, and visual disturbance."
migraine,"Along with increased hunger, a sore neck, melancholy, impatience, and visual distortion, I've also been experiencing acid reflux, indigestion, frequent headaches, and blurred eyesight."
migraine,"Together with increased hunger, a sore neck, anxiety, irritation, and visual distortion, I've also been experiencing acid reflux, indigestion, frequent headaches, and impaired eyesight."
migraine,"I have been experiencing digestive issues, including acidity and indigestion, as well as regular headaches and distorted vision, excessive hunger, a stiff neck, depression, irritability, and visual disturbance."
migraine,"In addition to recurrent headaches and blurred vision, increased appetite, a stiff neck, sadness, irritability, and visual disturbance, I have been having stomach problems, including indigestion and acidity."
migraine,"In add to frequent headaches and blurred vision, increased appetite, a stiff neck, anxiety, irritability, and visual disturbance, I have been having stomach problems, including indigestion and acidity."
migraine,"I have been struggling with acid reflux, indigestion, and headaches, as well as blurred and distorted vision, excessive hunger, a sore neck, depression, irritability, and visual disturbance."
migraine,"Along with headaches, indigestion, acid reflux, excessive appetite, a sore neck, sadness, impatience, and visual disturbance, I have also been experiencing blurred and distorted vision."
migraine,"Along with headaches, indigestion, acid reflux, excessive appetite, a sore neck, sadness, impatience, and visual disturbance, I have also been feeling blurred and distorted vision."
migraine,"I have been experiencing digestive issues, including acidity and indigestion, as well as frequent headaches and impaired vision, excessive hunger, a stiff neck, depression, irritability, and visual disturbance"
migraine,"Acidity and indigestion are among the digestive problems I've been having, along with regular headaches, blurred vision, increased hunger, stiff neck, sadness, impatience, and visual disruption."
migraine,"I have been suffering from acid reflux, indigestion, and regular headaches, as well as distorted vision, excessive hunger, a sore neck, depression, irritability, and visual disturbance."
migraine,"Along with distorted eyesight, excessive appetite, a painful neck, melancholy, irritability, and regular headaches, I have also been experiencing acid reflux, indigestion, and regular headaches."
migraine,"Along with distorted eyesight, excessive appetite, a painful neck, anxiety, irritability, and regular headaches, I have also been battling acid reflux, indigestion, and regular headaches."
migraine,"I have been experiencing acidity, indigestion, and frequent headaches, as well as blurred and distorted vision, excessive hunger, a stiff neck, depression, irritability, and visual disturbance."
migraine,"Stomach acid, indigestion, frequent headaches, hazy and distorted vision, increased appetite, stiff neck, depression, irritation, and visual distortion have all been bothering me."
migraine,"I have been struggling with digestive issues, including acid reflux and indigestion, as well as regular headaches and impaired vision, excessive hunger, a sore neck, depression, irritability, and visual disturbance"
migraine,"I have been experiencing frequent headaches, blurred vision, excessive appetite, a sore neck, sadness, irritability, and digestive problems including indigestion and acid reflux."
migraine,"I have been enduring frequent headaches, blurred vision, excessive appetite, a sore neck, anxiety, irritability, and digestive difficulties including indigestion and acid reflux."
migraine,"I have been experiencing acidity, indigestion, and headaches, as well as blurred and distorted vision, excessive hunger, a stiff neck, depression, irritability, and visual disturbance"
migraine,"Along with excessive appetite, a stiff neck, headaches, indigestion, and acid reflux, I've also been experiencing sadness, impatience, and visual distortion."
migraine,"I have been suffering from acid reflux, indigestion, and frequent headaches, as well as distorted vision, excessive hunger, a sore neck, depression, irritability, and visual disturbance."
migraine,"Along with impaired eyesight, increased appetite, a sore neck, melancholy, impatience, and regular headaches, I've also been experiencing heartburn, acid reflux, and indigestion."
migraine,"Along with impaired seeing, excessive eating, a sore neck, melancholy, impatience, and constant headaches, I've also been fighting heartburn, acid reflux, and indigestion."
migraine,"I have been experiencing acidity, indigestion, headaches, and blurred and distorted vision, as well as excessive hunger, a stiff neck, depression, irritability, and visual disturbance. These symptoms have been affecting my daily life and causing me discomfort."
migraine,"Along with excessive appetite, a stiff neck, depression, impatience, and visual disturbance, I've also been having indigestion, headaches, blurred vision, and acid reflux. These symptoms have been bothering me and interfering with my usual activities."
migraine,"As well as with excessive appetite, a tense neck, depression, irritability, and visual disturbance, I've also been having indigestion, headaches, blurred vision, and acid reflux. These symptoms have been disturbing me and interfering with my usual activities."
migraine,"I have been suffering from acid reflux, indigestion, and regular headaches, as well as impaired vision, excessive hunger, a sore neck, depression, irritability, and visual disturbance. These symptoms have been causing me a lot of distress and making it difficult to go about my daily activities."
migraine,"Along with eyesight problems, increased appetite, a sore neck, melancholy, irritability, and regular headaches, I have also been experiencing acid reflux, indigestion, and frequent migraines. My regular activities have been made more challenging by these symptoms, which have been causing me a great deal of distress."
migraine,"Along with eyesight problems, increased appetite, a sore neck, melancholy, irritability, and regular headaches, I have also been experiencing acid reflux, indigestion, and frequent dizziness. My regular activities have been made more tough by these symptoms, which have been causing me a great deal of distress."
migraine,"I have been struggling with acid reflux, indigestion, and headaches, as well as blurred and distorted vision, excessive hunger, a sore neck, depression, irritability, and visual disturbance. These symptoms have been causing me a lot of problems and making it difficult to concentrate and function normally."
cervical spondylosis,"I have been experiencing severe back pain, a persistent cough, and weakness in my limbs. My neck also hurts and I have been feeling dizzy and off balance."
cervical spondylosis,"Along with a chronic cough and limb weakness, I've been dealing with excruciating back discomfort. I've been experiencing neck pain as well as vertigo and instability."
cervical spondylosis,"I have been suffering from back pain, a hacking cough, and weakness in my arms and legs. Additionally, my neck hurts and I have had issues with dizziness and maintaining my balance."
cervical spondylosis,"Back pain, a hacking cough, and numbness in my arms and legs have been bothering me. In addition, my neck hurts, and I've having trouble staying balanced and without getting lightheaded."
cervical spondylosis,"Back pain, a coughing cough, and numbness in my arms and legs have been plaguing me. In addition, my neck hurts, and I've having trouble staying balanced and without getting woozy."
cervical spondylosis,"Pain typically, a coughing cough, and numbness in my arms and legs have been plaguing me. In addition, my neck hurts, and I've having trouble staying balanced and without getting woozy."
cervical spondylosis,"I have been struggling with back pain, a cough that won't go away, and weakness in my extremities. My neck hurts and I have had problems with dizziness and losing my balance."
cervical spondylosis,"Back discomfort, a persistent cough, and weakness in my limbs have been bothering me. I have issues with vertigo and losing my equilibrium, and my neck hurts."
cervical spondylosis,"Back discomfort, a breathing difficulty, and weakness in my limbs have been hurting me. I have issues with vertigo and losing my balance, and my neck hurts."
cervical spondylosis,"I have been experiencing intense back pain, a dry cough, and a lack of strength in my limbs. My neck hurts and I have been feeling dizzy and unsteady on my feet."
cervical spondylosis,"I've been struggling with severe back pain, a dry cough, and limb weakness. I've been feeling lightheaded and wobbly on my feet, and my neck hurts."
cervical spondylosis,"I've been battling with back pain, a dry cough, and limb weakness. I've been feeling dizzy and unstable on my feet, and my neck hurts."
cervical spondylosis,"I've been struggling with back pain, a chronic cough, and limb weakness. I've been feeling disoriented and weak on my feet, and my neck hurts."
cervical spondylosis,"I have been suffering from back pain, a productive cough, and weakness in my limbs. My neck is sore and I have had issues with dizziness and balance."
cervical spondylosis,"Back pain, a productive cough, and limb weakness have been bothering me. I have balance and dizzy concerns, and my neck hurts."
cervical spondylosis,"Backache, a difficulty breathing, and limb weakness have been bothering me. I have balance and dizzy concerns, and my neck suffers."
cervical spondylosis,"I have been struggling with back pain, a persistent cough, and weakness in my muscles. My neck hurts and I have had problems with dizziness and loss of balance."
cervical spondylosis,"Back pain, a lingering cough, and muscle weakness have been bothering me. I have issues with dizziness and losing my equilibrium, and my neck hurts."
cervical spondylosis,"Back pain, a chronic cough, and muscle weakness have been bothering me. I have concerns with dizziness and losing my position, and my neck hurts."
cervical spondylosis,"I have been experiencing severe back pain, a cough that comes and goes, and weakness in my limbs. My neck also hurts and I have been feeling dizzy and off balance."
cervical spondylosis,"I've been having intermittent coughing fits, significant back pain, and limb weakness. I've been experiencing neck pain as well as a dizzy and unsteady sensation."
cervical spondylosis,"I have been dealing with back pain, a cough that won't go away, and weakness in my arms and legs. My neck hurts and I have had problems with dizziness and maintaining my balance."
cervical spondylosis,"Back pain, a persistent cough, and numbness in my arms and legs have been bothering me. I've had trouble staying balanced and experiencing dizziness, and my neck hurts."
cervical spondylosis,"Back pain, a dry cough, and stiffness in my arms and legs have been bothering me. I've had problems staying balanced and experience dizziness, and my neck hurts."
cervical spondylosis,"I've been experiencing back pain, a persistent cough, and numbness in my arms and legs. I've been having trouble staying balanced and managing my vertigo, and my neck hurts."
cervical spondylosis,"My arms and legs have been weak, and I have been suffering from back pain and a persistent cough. In addition to experiencing neck pain and balance issues, I also suffer dizziness."
cervical spondylosis,"Back pain, a persistent cough, and arm and leg weakness have been bothering me. I've been experiencing neck pain, balance issues, and dizziness."
cervical spondylosis,"I have been suffering from back pain, a dry cough, and a lack of strength in my muscles. My neck is sore and I have been feeling dizzy and unsteady on my feet"
cervical spondylosis,"Back pain, a dry cough, and a lack of muscle strength have been bothering me. My neck hurts, and I've been feeling lightheaded and shaky."
cervical spondylosis,"My muscles lack strength, and I have been experiencing back pain and a dry cough. I've been experiencing neck pain and feeling lightheaded and unstable on my feet."
cervical spondylosis,"My muscles haven't been very strong, and I've been experiencing back ache. I've been feeling lightheaded and wobbly on my feet, and my neck hurts."
cervical spondylosis,"I've been experiencing back pain, a dry cough, and muscle weakness. I've been experiencing neck pain, feeling lightheaded, and having trouble standing still."
cervical spondylosis,"I have been struggling with intense back pain, a chronic cough, and weakness in my arms and legs. My neck is sore and I have had problems with dizziness and loss of balance."
cervical spondylosis,"I've had terrible back pain, a persistent cough, and weakness in my arms and legs. I have issues with dizziness and balance loss, and my neck hurts."
cervical spondylosis,"I've been suffering from severe back pain, a persistent cough, and numbness in my arms and legs. I've been experiencing issues with vertigo and balance issues, and my neck hurts."
cervical spondylosis,"Along with a persistent cough, weakness in my arms and legs, and severe back pain, I've been having a lot of trouble. I've experienced issues with vertigo and balance loss, and my neck is hurting."
cervical spondylosis,"I have been experiencing severe back pain, a cough that produces phlegm, and weakness in my muscles. My neck also hurts and I have been feeling dizzy and unsteady on my feet."
cervical spondylosis,"In addition to having excruciating back pain, I've also been coughing up mucus and feeling weak all over. I've been feeling lightheaded and unstable on my feet, and my neck hurts as well."
cervical spondylosis,"My muscles have been quite weak, and I've been coughing up phlegm along with significant back discomfort. In addition to feeling weak and disoriented, my neck has been hurting."
cervical spondylosis,"Along with a phlegmy cough and muscle weakness, I've been dealing with excruciating back pain. In addition to feeling woozy and shaky on my feet, my neck has been hurting."
cervical spondylosis,"I have been dealing with back pain, a persistent cough, and weakness in my limbs. My neck is sore and I have had issues with dizziness and loss of balance."
cervical spondylosis,"Back ache, a chronic cough, and limb weakness have been bothering me. I have troubles with disorientation and balance loss, and my neck hurts."
cervical spondylosis,"I've had back pain, a cough that won't go away, and limb weakness. I've been experiencing neck pain, instability, and balance concerns."
cervical spondylosis,"I have been suffering from back pain, a chronic cough, and weakness in my arms and legs. My neck hurts and I have been feeling dizzy and off balance"
cervical spondylosis,"Back pain, a persistent cough, and numbness in my arms and legs have been bothering me. My neck hurts, and I've been feeling lightheaded and unsteady."
cervical spondylosis,"I've had back pain, a persistent cough, and weakness in my arms and legs. My neck hurts, and I've been feeling off-balance and woozy."
cervical spondylosis,"I have been struggling with back pain, a productive cough, and weakness in my muscles. My neck is sore and I have had problems with dizziness and unsteady balance."
cervical spondylosis,"Back pain, a productive cough, and muscle weakness have been bothering me. I have issues with dizziness and uneven balance, and my neck hurts."
jaundice,"I have been experiencing intense itching, vomiting, and fatigue. I have also lost weight and have a high fever. My skin has turned yellow and my urine is dark. I have also been experiencing abdominal pain."
jaundice,"I've been feeling extremely scratchy, sick, and worn out. In addition, I've lost weight and have a temperature. My urine is dark, and my skin has turned yellow. Additionally, I've been having stomach pain."
jaundice,"I've felt really scratchy, nauseated, and worn out. I also had a high fever and lost weight. Both my skin and my urine have become yellow. Additionally, my stomach has been hurting."
jaundice,"Extreme itchiness, sickness, and exhaustion have all been plaguing me. In addition, I developed a fever and lost weight. My pee is black, and I've developed a yellow rash. Additionally, I've had stomach ache."
jaundice,I have been having severe itching and vomiting. I am also very tired and have lost weight. My fever is high and my skin has turned yellow. My urine is dark and I have been experiencing abdominal pain
jaundice,"I've been experiencing intense itching and nausea. I have lost weight and am also really exhausted. My skin has become yellow, and I have a severe fever. I have dark urine, and I've been having stomach pain."
jaundice,"I've been throwing up and experiencing intense itching. Along with losing weight, I'm also really exhausted. My skin has become yellow, and my fever is really high. I've been having stomach pain and my pee is black."
jaundice,"Strong itchiness and nausea have been bothering me. I have also lost weight and am really exhausted. I have a high fever, and my skin is becoming yellow. In addition to feeling stomach ache, my pee is black."
jaundice,I've been experiencing terrible itching and nausea. I've lost weight and am also really exhausted. My skin has become yellow and I have a severe temperature. I have dark urine and stomach ache.
jaundice,I have been feeling itchy and have been vomiting. I am also very fatigued and have lost weight. My fever is high and my skin has become yellow. My urine is dark and I have abdominal pain
jaundice,"I've been feeling scratchy and throwing up. I have lost weight and am also really exhausted. My skin has become yellow, and I have a severe fever. I have stomach ache and black urine."
jaundice,"I've been itchy and have been throwing up. Along with losing weight, I'm also really exhausted. My skin has turned yellow, and my fever is high. Additionally, I get stomach ache and dark urine."
jaundice,"I've had a scratchy stomach and been throwing up. Aside from losing weight, I am also really exhausted. I have a high fever and yellow skin. Besides having stomach ache, my pee is black."
jaundice,"I've been itchy and throwing up. In addition, I have lost weight and feel really exhausted. My skin has become yellow and I have a severe temperature. I have abdominal ache and black urine."
jaundice,"I've been exhausted and experiencing nausea and itching. In addition, I've lost weight and have a temperature. My urine is dark, and my skin has turned yellow. Additionally, I've been having stomach pain."
jaundice,"I have been suffering from itching, vomiting, and fatigue. I have also lost weight and have a high fever. My skin has turned yellow and my urine is dark. I have also been experiencing abdominal pain"
jaundice,"I've been feeling scratchy, sick, and worn out. I also had a high fever and lost weight. Both my skin and my urine have become yellow. Additional stomach pain that I've been having"
jaundice,"The itch, the nausea, and the weariness have been bothering me. In addition, I developed a fever and lost weight. My pee is black, and I've developed a yellow rash. Additionally, I've had stomach ache."
jaundice,"I've had nausea, vomiting, and exhaustion. Additionally, I've lost weight and have a temperature. My urine is black and my skin has turned yellow. I've also been having stomach pain."
jaundice,"I have been experiencing intense itching, vomiting, and fatigue. I have also lost weight and have a high fever. My skin has turned yellow and my urine is dark. I have been having abdominal pain as well."
jaundice,"I've been feeling extremely scratchy, sick, and worn out. In addition, I've lost weight and have a temperature. My urine is dark, and my skin has turned yellow. Additionally, I have been experiencing stomach pain."
jaundice,"I've been constantly feeling scratchy, sick, and tired out. In addition, I've lost weight and have a temperature. My urine is dark, and my skin has turned yellow. Furthermore, I have been experiencing stomach pain."
jaundice,"I've felt really scratchy, nauseated, and worn out. I also had a high fever and lost weight. Both my skin and my urine have become yellow. I've also been experiencing stomach pain."
jaundice,"I have been having severe itching, vomiting, and fatigue. I have also lost weight and have a high fever. My skin has turned yellow and my urine is dark. I am also experiencing abdominal pain."
jaundice,"I've been feeling really scratchy, dizzy, and worn out. In addition, I've lost weight and have a temperature. My urine is dark, and my skin has turned yellow. Additionally, I get stomach pain."
jaundice,"I've been experiencing intense itchiness, nausea, and exhaustion. I also had a high fever and lost weight. Both my skin and my urine have become yellow. Additionally, my stomach hurts."
jaundice,"Extreme itchiness, nausea, and exhaustion have been bothering me. In addition, I developed a fever and lost weight. My pee is black, and I've developed a yellow rash. The ache in my stomach is also present."
jaundice,"Extreme itchiness, nausea, and fatigue have been troubling me. In moreover, I experienced a fever and lost weight. My pee is black, and I've developed a yellow rash. The ache in my stomach is also present."
jaundice,I have been feeling itchy and have been vomiting. I am also very tired and have lost weight. My fever is high and my skin has become yellow. I have been experiencing abdominal pain as well.
jaundice,"I've been itchy and have been throwing up. Along with losing weight, I'm also really exhausted. My skin has turned yellow, and my fever is high. My stomach has also been hurting recently."
jaundice,"I've had a scratchy stomach and been throwing up. I have also lost weight and am really exhausted. I have a high fever and yellow skin. As well as you, I have been having stomach pain."
jaundice,I've been itchy and throwing up. I've lost weight and am also really exhausted. My skin has become yellow and I have a severe temperature. My stomach has also been hurting.
jaundice,"I have been experiencing itching, vomiting, fatigue, and weight loss. My fever is high and my skin has turned yellow. My urine is dark and I have been experiencing abdominal pain."
jaundice,"I've been losing weight and experiencing nausea, itching, and exhaustion. My skin has become yellow, and I have a severe fever. I have dark urine, and I've been having stomach pain."
jaundice,"I have been suffering from intense itching, vomiting, fatigue, and weight loss. My fever is high and my skin has turned yellow. My urine is dark and I have been experiencing abdominal pain"
jaundice,"I've been losing weight and experiencing severe itching, nausea, and exhaustion. My skin has become yellow, and I have a severe fever. I have dark urine, and I've been having stomach pain."
jaundice,"I have been experiencing severe itching, vomiting, fatigue, and weight loss. My fever is high and my skin has turned yellow. My urine is dark and I have been experiencing abdominal pain"
jaundice,"I've been losing weight, feeling really fatigued, and throwing up a lot. My skin has become yellow, and I have a severe fever. I have dark urine, and I've been having stomach pain."
malaria,"I've been experiencing severe itching, chills, vomiting, and a high fever. I'm also sweating a lot and have a headache. I feel nauseous and my muscles are really sore"
malaria,"I've had a high temperature, vomiting, chills, and intense itching. I also have a headache and am perspiring a lot. I'm queasy, and my muscles hurt a lot."
malaria,"Strong itchiness, chills, nausea, and a high temperature have been plaguing me. Besides having a headache, I'm also perspiring a lot. My muscles are quite sore, and I feel sick."
malaria,"Along with my intense scratching, chills, nausea, and high fever, I've also been feeling really unwell. Along with my headache and excessive sweating, My muscles hurt a lot, and I feel queasy."
malaria,"I've had a high fever, chills, and intense itching. In addition, I have a headache and am perspiring a lot. My muscles hurt a lot, and I feel sick."
malaria,"I've had intense itching all over my body, accompanied by chills and vomiting. My fever is really high and I've been sweating excessively. I also have a headache and feel nauseous. My muscles are really painful."
malaria,"I've been experiencing severe body itchiness, chills, and vomiting. I have a really high fever, and I've been perspiring a lot. I also feel queasy and have a headache. My muscles are in excruciating discomfort."
malaria,"Along with severe body itchiness, chills, and nausea, I've been experiencing. I've been severely perspiring and have a very high fever. I'm feeling queasy and also have a headache. Really hurting muscles are me."
malaria,"I've been experiencing severe body itchiness, along with chills and nausea. I've been perspiring a lot and have an extremely high fever. I feel sick to my stomach and have a headache. My muscles are hurting a lot."
malaria,"I'm suffering from intense itching, chills, vomiting, and a high fever. I've also been sweating a lot and have a headache. Nausea and muscle pain have also been bothering me."
malaria,"I have a high fever, severe itching, chills, and vomiting. I also have a headache and have been perspiring a lot. Additionally hurting me have been nausea and muscle soreness."
malaria,"I have a high temperature, vomiting, chills, and severe itching. In addition, I've been perspiring a lot and have a headache. I've also been bothered by nausea and muscle ache."
malaria,"Strong itchiness, chills, nausea, and a high fever are all part of my current condition. Besides having a headache, I've been perspiring a lot. I've been bothered by nausea as well as muscle ache."
malaria,"I have a high fever, chills, and severe itching. In addition, I have a headache and have been perspiring a lot. I've also been bothered by nausea and muscular ache."
malaria,"I've been experiencing severe itching, chills, vomiting, and a high fever. I'm also sweating excessively and have a headache. Nausea and muscle pain have also been causing me discomfort."
malaria,"I've had a high temperature, vomiting, chills, and intense itching. I also have a headache and am perspiring a lot. My discomfort has also been brought on by nausea and muscle ache."
malaria,"Strong itchiness, chills, nausea, and a high temperature have been plaguing me. Along with having a headache, I'm also perspiring a lot. I've also been bothered by nausea and muscle ache."
malaria,"Along with my intense scratching, chills, nausea, and high fever, I've also been feeling really unwell. I have a headache and am also perspiring a lot. I've been uncomfortable from nausea and muscle ache, too."
malaria,"I've had a high fever, chills, and intense itching. In addition, I have a headache and am perspiring a lot. I've been suffering from nausea as well as muscle ache."
malaria,"I've had intense itching, chills, vomiting, and a high fever. I'm also sweating a lot and have a headache. Nausea and muscle pain have been making me feel miserable."
malaria,"I've been experiencing a lot of scratching, chills, vomiting, and a fever. I also have a headache and am perspiring a lot. I've been terrible with nausea and soreness in my muscles."
malaria,"I've experienced severe itching, chills, nausea, and a high fever. Besides having a headache, I'm also perspiring a lot. I've been terrible with nausea and muscle ache."
malaria,"I have a high fever, chills, and severe itching. Along with my headache and excessive sweating, I've been terrible with nausea and muscle ache."
malaria,"I have a high fever, chills, and severe itching. In addition, I have a headache and am perspiring a lot. I've been feeling awful with nausea and muscle ache."
malaria,"I've been experiencing severe itching, chills, vomiting, and a high fever. I'm also sweating a lot and have a headache. Nausea and muscle pain have been causing me a lot of discomfort."
malaria,"I've had a high temperature, vomiting, chills, and intense itching. I also have a headache and am perspiring a lot. I've been really uncomfortable lately from nausea and muscle ache."
malaria,"Strong itchiness, chills, nausea, and a high temperature have been plaguing me. Besides having a headache, I'm also perspiring a lot. I've been suffering from severe muscle pain and nausea."
malaria,"Along with my intense scratching, chills, nausea, and high fever, I've also been feeling really unwell. Along with my headache and excessive sweating, I've been suffering from severe muscle pain and nausea."
malaria,"I've had a high fever, chills, and intense itching. In addition, I have a headache and am perspiring a lot. I've been in a lot of agony from muscle ache and nausea."
malaria,"I've had intense itching, chills, vomiting, and a high fever. I'm also sweating excessively and have a headache. Nausea and muscle pain have also been bothering me."
malaria,"I've been experiencing a lot of scratching, chills, vomiting, and a fever. I also have a headache and am perspiring a lot. Additionally hurting me have been nausea and muscle soreness."
malaria,"I've experienced severe itching, chills, nausea, and a high fever. Along with having a headache, I'm also perspiring a lot. I've also been bothered by nausea and muscle ache."
malaria,"I have a high fever, chills, and severe itching. I have a headache and am also perspiring a lot. I've been bothered by nausea as well as muscle ache."
malaria,"I've been experiencing severe itching, chills, vomiting, and a high fever. In addition, I have a headache and am perspiring a lot. I've also been bothered by nausea and muscular ache."
malaria,"I'm suffering from severe itching, chills, vomiting, and a high fever. I've also been sweating a lot and have a headache. Nausea and muscle pain have also been causing me discomfort."
malaria,"I have a high fever, severe itching, chills, and vomiting. I also have a headache and have been perspiring a lot. My discomfort has also been brought on by nausea and muscle ache."
malaria,"I have a high fever, severe itching, chills, and vomiting. In addition, I've been perspiring a lot and have a headache. I've also been bothered by nausea and muscle ache."
malaria,"Strong itchiness, chills, nausea, and a high fever are all part of my current condition. Besides having a headache, I've been perspiring a lot. I've been uncomfortable from nausea and muscle ache, too."
malaria,"Strong itchiness, chills, nausea, and a high fever are all part of my current condition. In addition, I have a headache and have been perspiring a lot. I've been suffering from nausea as well as muscle ache."
malaria,"I've been experiencing intense itching, chills, vomiting, and a high fever. I'm also sweating a lot and have a headache. Nausea and muscle pain have been making me feel miserable."
malaria,"Intense scratching, chills, nausea, and a high temperature have been plaguing me. I also have a headache and am perspiring a lot. I've been terrible with nausea and soreness in my muscles."
malaria,"Along with a high fever, I've had chills, vomiting, and severe itching. Besides having a headache, I'm also perspiring a lot. I've been terrible with nausea and muscle ache."
malaria,"Along with a high fever, I've had chills, vomiting, and severe itching. Along with my headache and excessive sweating, I've been feeling awful with nausea and muscle ache."
malaria,"I've had severe itching, chills, vomiting, and a high fever. I'm also sweating excessively and have a headache. Nausea and muscle pain have also been causing me a lot of discomfort."
urinary tract infection,"Frequent urges to urinate with little output, pain during urination, cloudy or bloody urine, strong or foul-smelling urine, pelvic pain, low fever, nausea and vomiting"
urinary tract infection,"I get frequent urges to urinate at night with little output, and a lot of pain during urination. The urine is coludy and bloody and sometime foul smelling, and I get nauseous"
urinary tract infection,I get a burning sensation when I pee. Sometimes a lot of pain and foul smelling urine. I have been getting more urges to urinate at night
urinary tract infection,I have been getting blood in my pee. Sometimes I get nauseous while peeing. This often almost coincides with me having a high temperature
urinary tract infection,"My pee looks cloudy and has storng and foul smell. I frequently get an urge to urinate at night, and have been getting high temperatures since these symptoms strted showing"
urinary tract infection,"I have pain in my abdomen, and often get feverish. I have sudden and strong urges to pee. The pain is almost constant, and often increases at night time. My pee almost always has a foul smell"
urinary tract infection,"I have been frequently getting sudden strong urges to pee. There is blood in my pee sometimes and it is very foul smelling. I think I have an infection, what do I do?"
urinary tract infection,"I get blood in my pee sometimes and sometimes get nauseous whie peeing. I also have a bad smell in my pee and sometimes get high temperatures at nights, help me"
urinary tract infection,"I have pain in my lower abdomen, and get a buring sensation in my pee. I also have been getting low temperatures since I started to get these other symptoms. I have been weak because of this"
urinary tract infection,There is blood in my urine and I have a low fever. My head hurts almost all the time and I get very strong uncontrollable urges to pee. I have been having pain in lower back also 
urinary tract infection,I have been having low temperatures and bloody pee since some days now. My head hurts like crazy and pee also smells very foul. I have almost no control on my peeing and get very sudden urges
urinary tract infection,I have pain near my pelvic region and vomit a lot. Sometimes there is blood in my pee and there is almost a very foul smell in my urine.I sometimes get headches and have trouble sleeping due to this
urinary tract infection,"I have to constantly to go the bathroom to relieve myself, but cant seem to empty my bladder. I get these very strong and uncontrollable urges to pee and sometimes get dark or bloody pee"
urinary tract infection,I been having very low temperatues and a very foul smelling pee. The area near my kidneys hurt a lot and I cant seem to hold my pee. I often get these uncontrollable urges
urinary tract infection,"I have to go the bathroom all the time, but the urine output is very low often just a few drops. My stomach hurts a lot and and cant seem to be able to control my urges to pee"
urinary tract infection,My is pee is dark and often bloody and often has a very unfathomable smell. I have been having temperature fluctuations pretty frequently and often am not able to sleep at night because of this
urinary tract infection,I have been having pain in my bladder and have been getting 
urinary tract infection,I have been urinating with blood in it. I occasionally feel queasy when urinating. I frequently almost have a fever at the same time.
urinary tract infection,"My pee has a strong, unpleasant scent and a hazy appearance. Since these symptoms started appearing, I regularly feel the desire to urinate at night and have been experiencing high temperatures"
urinary tract infection,"My stomach hurts, and I frequently acquire a temperature. I experience sudden, intense cravings to urinate. The discomfort is virtually always there and frequently gets worse at night. My pee nearly always smells bad."
urinary tract infection,"I've been experiencing frequent, intense, abrupt cravings to urinate. Sometimes I get blood in my pee, and it smells awful. What should I do if I believe I have an infection?"
urinary tract infection,I occasionally urinate with blood in it and occasionally feel queasy while doing so. Help! I also occasionally get high temps at night and have a terrible odour coming from my pee.
urinary tract infection,"I have lower abdominal ache and a bursting sensation when I urinate. Since I began to experience these additional symptoms, I have also been experiencing low body temperatures. I've been weak as a result of this."
urinary tract infection,"I have a mild temperature and blood in my pee. My head hurts almost constantly, and I frequently experience severe, involuntary desires to urinate. Additionally, I've been experiencing lower back ache"
urinary tract infection,"Since a few days ago, I've been experiencing low temperatures and bloody urination. My head is in excruciating pain, and my urine smells awful. I can hardly control when I urinate, and the impulses come on suddenly."
urinary tract infection,"I frequently vomit and get discomfort at my pelvic area. My urine occasionally smells almost unbearably bad, and there is occasionally blood in it. Because of my headaches at times, I have problems falling asleep."
urinary tract infection,"I have to use the restroom frequently to relieve myself, but I can't seem to get my bladder empty. I occasionally get severe, uncontrolled desires to urinate, as well as black or crimson urine."
urinary tract infection,"I've been experiencing really low moods and very bad urine odour. I can't seem to keep my urine back, and the area near my kidneys hurts a lot. I frequently experience these irrational cravings."
urinary tract infection,"I have to use the restroom frequently, yet only a few drops of pee are usually produced. My stomach aches a lot, and I can't seem to control the desire to urinate."
urinary tract infection,"My urine is frequently black, red, and has a really strange odour. I have been experiencing temperature changes very regularly, which usually prevents me from sleeping at night."
urinary tract infection,Blood has been found in my urination. I sometimes have nausea when urinating. I regularly feel like I'm almost feverish.
urinary tract infection,My pee smells strongly and is cloudy in appearance. I've had high temperatures and a regular urge to urinate at night since these symptoms first materialised.
urinary tract infection,"I've been having frequent, strong, sudden urges to urinate. I occasionally urinate with blood in it, and the stench is horrible. What ought I to do if I think I'm infected?"
urinary tract infection,"On rare occasions, I pee with blood in it and have mild nausea. Help! I also occasionally experience high nighttime temperatures and a dreadful urine odour."
urinary tract infection,"My lower abdomen hurts, and when I urinate, it feels like it's exploding. I've been having low body temps ever since I started having these new symptoms. Because of this, I've been weak."
urinary tract infection,"Blood is in my pee, and I have a low body temperature. I have practically continual headaches and often strong, uncontrollable need to urinate. In addition, I've started having lower back pain."
urinary tract infection,"I've had low temps and bloody urine for the past four days. My pee smells terrible, and my head hurts like hell. I scarcely have any control over when I urinate, and the urges strike without warning."
urinary tract infection,"I regularly vomit and get pelvic pain. There is occasionally blood in my pee, and it occasionally has an absolutely intolerable odour. I occasionally have trouble falling asleep because of my migraines."
urinary tract infection,"I need to relieve myself regularly, but I can't seem to get my bladder to empty. On sometimes, I get intense, uncontrollable urges to urinate, along with dark or red urine."
urinary tract infection,"My spirits have been incredibly low, and my pee smells awful. My kidney region hurts a lot, and I can't seem to hold my urine in. I get these unreasonable urges all the time."
urinary tract infection,"I have to go to the bathroom a lot, but generally only a few drops of urine come out. I have severe stomach pains and an overwhelming want to urinate."
urinary tract infection,"My urine often has a weird odour, is crimson or black in colour, and both. My body's temperature has been fluctuating often, which typically keeps me up at night."
urinary tract infection,I noticed blood in my urinating. I occasionally feel sick after urinating. I frequently feel as though I have a fever.
urinary tract infection,"My pee has a strong odour and a hazy look. Since these symptoms started, I've had high temperatures and frequent nighttime urges to urinate."
urinary tract infection,I occasionally urinate with blood in it and feel a little queasy. Help! I also occasionally get horrible pee odours and excessive overnight temps.
urinary tract infection,"My lower abdomen aches, and it feels like it may explode when I urinate. Since I began experiencing these new symptoms, my body temperature has been consistently low. That's why I've been weak."
urinary tract infection,"In the last four days, I've experienced low temperatures and blood in my pee. My head hurts so much and my urine smells awful. The desires to urinate seldom come on cue, and I hardly ever have any control over when they do."
urinary tract infection,"My pee frequently has an odd smell and is either red or black, or both. The frequent changes in my body temperature usually keep me awake at night."
urinary tract infection,My pee smells strongly and seems cloudy. I've had fevers and frequent overnight urination needs ever since these symptoms began.
urinary tract infection,"I've had low temps and blood in my urine for the past three days. My pee smells terrible, and my head hurts so much. Urinary urges seldom occur on cue, and I almost never have any control over when they do."
allergy,"I have a runny nose and I am sneezing all the time. My eyes are itchy and often watery, and I am coughing all the time. My head hurts and all the time"
allergy,I have sore throat and I am sneezing all the time. Sometimes I have swelling on my face like my lips and near my eyes. I just cant stop sneezing once I start sneezing
allergy,I hace difficulty in breething and shortness of breath. I cough uncontrollably and get itchy eyes and swelling on my face and other body parts
allergy,I have a nasal congestion and blocked nose. Sometimes at night I have chest pain and tightness. I have also lost my sense of smell and taste
allergy,I have asthma like symptoms like wheezing and difficulty breathing. I often get fever and have headaches. I feel tired all the time
allergy,"I feel tired all the time, I have lost my taste and have a really sore throat. I also get feverish and often have muscle aches. Sometimes my whole body just cramps up"
allergy,I have been experiencing a loss of appetite and have difficulty swallowing food. I have been suffering from sore throat and runnny nose also.
allergy,"I feel fatigued all the time, and have a tingling sensation in my throat. I have also developed flaky skin. Sometimes I get puffy eyes and sometimes puffs up too."
allergy,"I have stomach cramps, nausea and diarrhea. My throat is swollen, and I have difficulty breathing. Sometimes at night night I get chest pain and nauseous."
allergy,I have itchy and red skin. Sometimes these result in flaking. My face and lips puff up and causes a lot of inconvinience. I get watery eyes sometimes and headches when the puffing gets severe
allergy,"I often sneeze and have a runny nose. My eyes are scratchy and frequently runny, and I frequently cough. My head hurts constantly."
allergy,"I often sneeze and have a sore throat. My lips and the area around my eyes occasionally swell. Once I start sneezing, I just can't stop."
allergy,"I have trouble breathing and get short of breath. I have a dry, hacking cough, itchy eyes, and swelling all over my face and body."
allergy,I have a plugged nose and nasal congestion. I occasionally have stiffness and chest discomfort at night. I've also lost my ability to taste and smell.
allergy,"I get symptoms of asthma, such as wheezing and breathing problems. I frequently have headaches and fever. All the time, I feel exhausted."
allergy,"I always feel exhausted, have bad taste, and have an extremely scratchy throat. I also have muscular pain and heat. My entire body simply cramps up occasionally."
allergy,"I've been losing my appetite, and I also have trouble swallowing. My nose has been running, and I have a sore throat."
allergy,I'm always worn out and experiencing a tingle in my throat. I've also started to have dry skin. My eyes occasionally swell up
allergy,"I feel queasy, nauseous, and dizzy. I have a swelling throat and am having breathing issues. I occasionally have chest discomfort and nausea at night."
allergy,"My skin is red and scratchy. These can occasionally flake. My cheeks and lips swell, which is really annoying. I occasionally have headaches and runny eyes because to the puffing."
allergy,"I frequently sneeze, and my nose runs. I constantly cough, and my eyes are sore and watery. My head hurts all the time."
allergy,I have a sore throat and frequently sneeze. Sometimes the skin around my eyes and my lips swells. I just can't stop sneezing once I get going.
allergy,"I have respiratory issues and experience breathlessness. My face and torso are swollen, my eyes are itching, and I have a dry, hacking cough."
allergy,"I have nasal congestion and a blocked nose. On occasion, during the night, I have stiffness and chest pain. Additionally, I've lost my senses of taste and smell."
allergy,"I get breathing issues and wheezing, which are asthma symptoms. I regularly have fevers and headaches. I constantly feel worn out."
allergy,"I always feel worn out, have unpleasant taste in my mouth, and have a really itchy throat. My muscles are also hot and hurting. Sometimes my whole body just cramps up."
allergy,"Along with losing my appetite, I've been having swallowing issues. I have a sore throat, and my nose has been running."
allergy,I always feel exhausted and have a tickle in my throat. My skin has also started to feel dry. I occasionally get ocular swelling.
allergy,"I'm dizzy, nauseated, and shaky. I'm having trouble breathing since my throat is swollen. On occasion, throughout the night, my chest hurts and I feel sick."
allergy,"My skin is irritated and inflamed. Sometimes, they can flake. My lips and cheeks expand, and it is really unpleasant. Because of the puffing, I occasionally have headaches and wet eyes."
allergy,"My nose runs and I sneeze a lot. My eyes are wet and hurt, and I cough all the time. My head aches constantly."
allergy,"I sneeze a lot and have a sore throat. My lips and the skin surrounding my eyes will occasionally swell. Once I start, I just can't stop sneezing."
allergy,"I have breathing problems and become out of breath easily. My eyes ache, I have a dry, hacking cough, and my face and body are bloated."
allergy,I have a plugged nose and nasal congestion. I occasionally have stiffness and chest discomfort during the night. I've also lost my ability to smell and taste.
allergy,"I get wheezing and breathing difficulties, which are asthma symptoms. I frequently have headaches and fever. I'm continuously exhausted."
allergy,"I always feel exhausted, have a bad taste in my mouth, and my throat itches a lot. Also heated and painful are my muscles. My entire body can cramp up at times."
allergy,"I've been losing my appetite and having trouble swallowing. My nose has been running, and I have a sore throat."
allergy,I always get a tickle in my throat and feel fatigued. My skin has begun to feel dry as well. I have ocular edema on occasion.
allergy,"I feel queasy, sick, and wobbly. My throat is enlarged and making it difficult for me to breathe. My chest occasionally pains all through the night, and I occasionally feel ill."
allergy,My skin is swollen and itchy. They may occasionally flake. It hurts a lot when my cheeks and lips swell. I occasionally get headaches and watery eyes from the puffing.
allergy,"I sneeze a lot and my nose is running. My eyes ache and are damp, and I frequently croak. My head hurts all the time."
allergy,"I have trouble breathing and easily get out of breath. My face and torso are swollen, my eyes hurt, and I have a dry, hacking cough."
allergy,"I have nasal congestion and a blocked nose. On occasion, during the night, I have stiffness and chest pain. I've also lost my senses of taste and smell."
allergy,"I get breathing issues and wheezing, which are asthma symptoms. I regularly have fevers and headaches. I'm always worn out."
allergy,"I frequently have exhaustion, a terrible taste in my mouth, and throat itchiness. My muscles are also burning and uncomfortable. Sometimes I have cramps all throughout my body."
allergy,"My appetite has decreased, and I've been having swallowing issues. I have a sore throat, and my nose has been running."
allergy,"My throat always tickles, and I'm worn out. Additionally, my skin has started to feel dry. Ocular inflammation occasionally affects me."
allergy,"I'm nauseous, ill, and shaky. I have a huge throat, which makes it tough for me to breathe. I occasionally have nighttime chest aches and occasional sickness."
allergy,"My skin is itching and swollen. Sometimes, they could flake. My lips and cheeks swelling aches a lot. The puffing occasionally gives me headaches and runny eyes."
gastroesophageal reflux disease,I often get aburning sensation in my throat while and especially after eating. Sometimes this also leaves a sour or bitter taste in my mouth and I get nauseos beacuse of this
gastroesophageal reflux disease,"I have heartburn and indigestion. I often vomit whatever I eat and have difficultly swallowing food, beacuse the food gets stuck in my throat. I have a nagging pain in my upper abdomen"
gastroesophageal reflux disease,"I have frequent belching and burping. I have chest pain that often radiates to the back of my neck, jaw and arm. I get a feeling of tightness and pressure on my chest"
gastroesophageal reflux disease,"I have a persistent sour taste in my mouth, even when I haven't eaten anything acidic. I get frequent hiccups and a feeling of lump in my throat."
gastroesophageal reflux disease,"I have a chronic bad breath and a sour taste in my mouth, It sometimes gets difficult to swallow food because of this tingling sensation in my throat"
gastroesophageal reflux disease,"I get frequent heartburn and indigestion, especially eating spicy foods or fatty foods. I get chest pain that gets worse when I lie down or bend over. I also often have chest pain"
gastroesophageal reflux disease,"I have a loss of appetite and difficulty swallowing. I often have this persistent feeling of fullness, even after eating small meals. I usually throw up and get heartburn and a tingling sensation in my throat"
gastroesophageal reflux disease,"I have a sore throat or hoarseness, especially in the morning. I have a chronic nagging pain in my throat and bad breath. I also have frequent belching"
gastroesophageal reflux disease,"I have a feeling of food or acid backing up into my throat. I chest pain which gets worse if I lie down. I get frequent heartburn or indigestion, after eating food and vomit it out"
gastroesophageal reflux disease,I feel uneasiness after eating and usually vomit whatever I've eaten. I always have this pain in my abdomen and have really bad acid reflux
gastroesophageal reflux disease,"My throat frequently feels like it is burning, especially after eating. Additionally, I occasionally get a sour or bitter aftertaste, which causes me to feel queasy."
gastroesophageal reflux disease,"I have indigestion and heartburn. I frequently vomit everything I eat, and I have trouble swallowing food because it gets caught in my throat. My upper abdomen is bothering me."
gastroesophageal reflux disease,"My burping and belching are frequent. I frequently get chest discomfort that spreads to the back of my neck, jaw, and arm. I have pressure and tension in my chest."
gastroesophageal reflux disease,"Even when I don't have anything acidic in my stomach, I constantly have a sour taste in my mouth. I frequently have hiccups and a lump in my throat."
gastroesophageal reflux disease,"I always have foul breath and a sour taste in my mouth, and occasionally, the tingling in my throat makes it difficult to swallow meals."
gastroesophageal reflux disease,"I frequently have heartburn and indigestion, particularly after consuming spicy or fatty foods. When I lie down or stoop over, my chest discomfort worsens. My chest hurts quite a bit too."
gastroesophageal reflux disease,"I don't feel like eating, and swallowing is challenging. Even after eating little meals, I frequently get this lingering sense of fullness. Typically, I have heartburn, nausea, and tingling in my throat."
gastroesophageal reflux disease,"I often wake up with a sore throat or a scratchy voice. My throat hurts constantly, and I also have poor breath. I also frequently burp."
gastroesophageal reflux disease,"I feel as though acid or food is backing up into my throat. My chest hurts, and lying down makes it worse. After eating, I frequently have heartburn or indigestion and throw up."
gastroesophageal reflux disease,"After eating, I get queasy and frequently throw up everything I've eaten. I always get severe abdominal ache and have terrible acid reflux."
gastroesophageal reflux disease,"Especially after eating, my throat regularly feels like it is burning. I also occasionally get a bitter or sour aftertaste, which makes me feel sick."
gastroesophageal reflux disease,"I have heartburn and indigestion. I regularly vomit everything I eat, and food gets stuck in my throat, making it difficult for me to swallow. I have a pain in my upper abdomen."
gastroesophageal reflux disease,"Belching and burping are common in me. I often get chest pain that radiates to the back of my neck, my jaw, and my arm. In my chest, there is pressure and stress."
gastroesophageal reflux disease,"I get a sour taste in my mouth all the time, even when there is nothing acidic in my stomach. I often get the hiccups and have a lump in my throat."
gastroesophageal reflux disease,"I periodically find it challenging to swallow food due to the tingling in my throat, bad breath, and bad taste in my mouth."
gastroesophageal reflux disease," regularly have indigestion and heartburn, especially after eating spicy or fatty foods. My chest pain is worse when I hunch over or lie down. Additionally, my chest hurts a lot."
gastroesophageal reflux disease,"I'm not in the mood to eat, and swallowing is difficult. I often have this lingering feeling of fullness even after little meals. My typical symptoms include heartburn, nausea, and throat tingling."
gastroesophageal reflux disease,I frequently get a scratchy voice or a painful throat when I wake up. I have bad breath and a continual sore throat. I also vomit a lot.
gastroesophageal reflux disease,My throat feels as though food or acid is backing up. Lying down only makes my chest pain more. I regularly have heartburn or indigestion after eating and puke up.
gastroesophageal reflux disease,I often feel sick after eating and puke up the entire meal. I constantly get excruciating acid reflux and severe stomach pain.
gastroesophageal reflux disease,"My throat often feels like it is burning, especially after eating. A bitter or sour aftertaste that I occasionally experience also makes me feel unwell."
gastroesophageal reflux disease,"I have indigestion and heartburn. I frequently vomit everything I eat, and it is hard for me to swallow since food gets caught in my throat. My upper abdomen is in discomfort."
gastroesophageal reflux disease,"My tendency is to belch and burp frequently. I frequently get chest pain that spreads to my arm, jaw, and the back of my neck. There is pressure and stress in my chest."
gastroesophageal reflux disease,"Even when I don't have anything acidic in my stomach, I constantly have a sour taste in my mouth. I frequently have a lump in my throat and the hiccups."
gastroesophageal reflux disease,"Periodically, the tingling in my throat, poor breath, and bad taste in my mouth make it difficult for me to swallow meals."
gastroesophageal reflux disease,"I routinely experience heartburn and indigestion, particularly after consuming spicy or fatty foods. When I lean forward or lie down, my chest discomfort becomes worse. My chest hurts a lot as well."
gastroesophageal reflux disease,"I don't feel like eating, and swallowing is challenging. Even after little meals, I frequently get this lingering sensation of fullness. My normal symptoms include nausea, heartburn, and tingling in my throat."
gastroesophageal reflux disease,"I regularly wake up with a scratchy voice or a sore throat. My throat is constantly irritated, and I have horrible breath. I frequently throw up."
gastroesophageal reflux disease,"It feels like food or acid is backing up in my throat. My chest discomfort only becomes worse while I'm lying down. After eating, I frequently have heartburn or indigestion and throw up."
gastroesophageal reflux disease,"After eating, I frequently feel unwell and throw up the entire meal. I suffer from painful acid reflux and excruciating stomach discomfort all the time."
gastroesophageal reflux disease,"Especially after eating, my throat frequently feels scorching. I occasionally get a bitter or sour aftertaste that makes me feel sick."
gastroesophageal reflux disease,"I have heartburn and indigestion. I regularly throw up everything I eat, and swallowing is difficult for me since food gets stuck in my throat. I'm experiencing pain in my upper abdomen."
gastroesophageal reflux disease,"I always get a sour taste in my mouth, even when I don't have anything acidic in my stomach. I regularly have the hiccups and a knot in my throat."
gastroesophageal reflux disease,"I occasionally have trouble swallowing food because of the tingling in my throat, terrible breath, and bad taste in my mouth."
gastroesophageal reflux disease,"I frequently have indigestion and heartburn, especially after eating spicy or fatty foods. My chest hurts when I lean forward or while I'm lying down. Additionally, my chest hurts a lot."
gastroesophageal reflux disease,I regularly feel sick after eating and puke up the entire meal. I constantly get horrible acid reflux agony and stomach discomfort.
gastroesophageal reflux disease,"My throat often feels like it's on fire, especially after eating. I occasionally get an aftertaste that is sour or bitter and makes me feel nauseous."
drug reaction,"I have headaches and migraines, have been having difficulty sleeping. I have been having muscle twitching and tremors. Sometimes I get lightheaded"
drug reaction,I have fever and feel very dizzy and lightheaded. My heart is beating very fast and I feel very confused. I am not able to think very clearing and everything feels very foggy
drug reaction,I have rashes on my skin and these flake off from time to time. This leaves me prone to infection. My fingers start twitching and sometimes I experience tremors.
drug reaction,I feel very nauseous and have chest pain. Recently I have been experiencing chest pain. I feel very uneasy and often sweat profusely
drug reaction,"I have itching all over my body, and rashes in my chest and back. I get flaky skin from time to time and often this leaves marks on my body."
drug reaction,I have hair loss and there is a significant change in the texture of my hair. I have  dry and itchy sclap and increased dandruff. My skin is also getting very dry
drug reaction,I am experiencing a decrease in my sex drive and difficulty to fucntion sexually. I feel very light headed and confused and often experince brain fog
drug reaction,I am experiencing changes in my menstrual cycle and unexpected vaginal discharge. I often get mood swings and feel agitated from time to time
drug reaction,I have experinenced significant weight gain and become very obese. I have changes in my appetite and cravings for different foods
drug reaction,I have difficulty in maintianing concentration and very low mental clarity. I often forget things and in general have difficulty remembering things
drug reaction,"In addition to experiencing a change in taste and fragrance, I also have a metallic aftertaste in my tongue. occasionally get excruciating joint and muscular pain"
drug reaction,"I suffer migraines and headaches, and I've been having trouble falling asleep. My muscles have been trembling and twitching. I sometimes feel dizzy."
drug reaction,"I'm feeling really lightheaded and dizzy when I have a temperature. My mind is completely muddled, and my heart is racing. I find it difficult to think clearly, and everything seems quite hazy."
drug reaction,"My skin occasionally peels off the rashes that I have. This makes me more vulnerable to infections. My hands begin to shake, and occasionally I have tremors."
drug reaction,I have severe nausea and chest discomfort. I have been having chest discomfort lately. I often shiver a lot and feel really nervous.
drug reaction,"I have rashes in my chest and back and itch all over my body. I occasionally have flaky skin, which frequently creates markings on my body."
drug reaction,"My hair's texture has significantly changed, and I'm experiencing hair loss. My scalp is dry and itching, and my dandruff is becoming worse. My skin is also becoming really dry."
drug reaction,"My sex desire has decreased, and I'm finding it harder to function sexually. I regularly have brain fog and feel quite dizzy and disoriented."
drug reaction,"My monthly cycle has changed, and I've had an unexpected vaginal discharge. I frequently experience mood swings and experience occasional agitation."
drug reaction,"I've gained a lot of weight and am now quite fat. My appetite varies, and I have desires for various things."
drug reaction,"I struggle to maintain focus, and my mental clarity is really poor. I have trouble remembering things and frequently forget stuff."
drug reaction,My tongue also has a metallic aftertaste in addition to a change in taste and scent. occasionally get acute muscle and joint ache
drug reaction,"I have headaches and migraines, and I have been having difficulties sleeping. My entire body has been shaking and twitching. Sometimes I become lightheaded."
drug reaction,"When I have a fever, I feel quite woozy and lightheaded. My heart is pounding, and my head is absolutely foggy. My ability to think properly is impaired, and everything appears to be somewhat blurry."
drug reaction,"My rashes occasionally cause my skin to peel off. I'm more susceptible to illnesses as a result. I start to tremble sometimes, and my hands start to shake."
drug reaction,"Both chest pain and extreme nausea are present. Recently, my chest has been hurting. I frequently shiver a lot and am really anxious."
drug reaction,"My body itches all over, and I have rashes on my back and chest. My skin can be flaky on sometimes, which commonly results in body marks."
drug reaction,"I'm losing hair, and my hair's texture has considerably altered. My dandruff is becoming worse, and my dry, itchy scalp. My skin is getting quite dry as well."
drug reaction,"My desire for sex has dropped, and I'm having trouble having sex. I frequently get brain fog, as well as feeling somewhat bewildered."
drug reaction,"I've noticed a difference in my monthly cycle and an unexpected vaginal discharge. I become irritable every now and again, and my moods swing a lot."
drug reaction,I have put on a lot of weight and am now very obese. I have different urges and different appetites.
drug reaction,I have terrible mental clarity and find it difficult to stay focused. I regularly forget things and have problems remembering things.
drug reaction,"Along with a change in taste and smell, my tongue also has a metallic aftertaste. occasionally get severe joint and muscular pain"
drug reaction,"I suffer migraines and headaches, and I've been having trouble falling asleep. My whole body has been trembling and shivering. At times, I have dizziness."
drug reaction,"I am quite queasy and dizzy when I have a temperature. My brain is completely cloudy, and my heart is racing. I'm having trouble thinking straight, and everything seems a little fuzzy."
drug reaction,"Sometimes my skin starts to flake off from my rashes. I'm more prone to becoming sick as a result. On occasion, my hands begin to quiver and I begin to tremble."
drug reaction,There is severe nausea and chest discomfort. My chest has been aching lately. I'm really nervous and shiver a lot of the time.
drug reaction,"I have rashes on my back and chest, and my entire body itches. My skin may be dry and flaky at times, which frequently leaves body marks."
drug reaction,"I'm shedding hair, and the texture of my hair has changed significantly. My dry, itchy scalp and dandruff are becoming worse. My skin is also becoming pretty dry."
drug reaction,"I no longer want to have sex, and it's difficult for me to do so. I regularly have brain fog and a sense of confusion."
drug reaction,"My monthly cycle has changed, and I've had an unexpected vaginal discharge. I occasionally lose my temper, and my moods change a lot."
drug reaction,I've gained a lot of weight and am currently quite fat. I have many inclinations and cravings.
drug reaction,I have awful mental clarity and have trouble focusing. I frequently forget things and struggle with memory.
drug reaction,"My tongue also changes in taste and scent, leaving a metallic aftertaste. can have excruciating joint and muscle pain"
drug reaction,"I have headaches and migraines, and I have been having difficulties sleeping. I've been shaking and shivering all over. Sometimes I become lightheaded."
drug reaction,"When I have a temperature, I feel pretty nauseous and lightheaded. My heart is pounding, and my mind is absolutely foggy. Everything feels a little hazy to me, and I'm having difficulties thinking clearly."
drug reaction,"My rashes occasionally cause my skin to start to fall off. I'm more likely to get ill as a result. My hands occasionally start to tremble, and I start to shake."
drug reaction,"Chest pain and severe nausea are present. Recently, my chest has been hurting. I tremble a lot and am quite anxious."
drug reaction,"My entire body itches, and I have rashes on my back and chest. Sometimes my skin might be dry and flaky, which often results in body stains."
peptic ulcer disease,"I have a burning sensation in my upper abdomen, ofetn between or at night. I have heartburn and indigestion and often feel very nauseous"
peptic ulcer disease,I have bloating and a feeling of uneasiness. I have been experiencing weight loss and a loss of appetite. Sometimes I have dark and tarry stools and blood in my vomit
peptic ulcer disease,I have been having bloody stools which has resulted in bloos loss and loss of iron. Thiis has caused me anemia and I feel very weak in general
peptic ulcer disease,"I have persistant, gnawing hunger and apetite. Sometimes I get abdominal cramps and spasms. There is bloating and gas after eating which causes me a great deal of uneasiness"
peptic ulcer disease,"I have changes in my bowel movements, such as constipation and diarrhea. I have a loss of appetite and energy and often feel very fatigued"
peptic ulcer disease,I have abdominal pain and it gets only worse if I bend over or lie down. I feel discomfort when I eat certain foods such as spicy or acidic food. Sometimes I get loose stools because of this
peptic ulcer disease,I have difficulty sleeping due to abdominal pain or discomfort. I have a loss of appetite and feel fatigued after going to the bathroom. I feel very tited all the time
peptic ulcer disease,I have a sour acidic taste in my mouth. I have frequent belching and burping. I have a feeling of pressure or fullness in my upper abdomen that last for a few hours
peptic ulcer disease,I have unintended weight loss and difficulty gaining weight. I have pain and discomfort that is relieved by taking antacids. My mouth tastes very bad
peptic ulcer disease,"Occasionally throughout the day or at night, I have burning in my upper abdomen. I get indigestion, heartburn, and frequent bouts of extreme nausea."
peptic ulcer disease,"Bloating and unease are both present in me. I've been losing weight and losing interest in food. I occasionally get tarry, black stools and vomit that contains blood."
peptic ulcer disease,"I have trouble swallowing, and I frequently feel like food is getting stuck in my throat. I feel bloated and belch constantly. I always get a sour taste in my mouth."
peptic ulcer disease,"My bloody stools have caused me to lose iron and bloos, among other things. I now have anaemia from this, and I generally feel quite weak."
peptic ulcer disease,"My hunger and appetite are persistent and ravenous. Periodically, my stomach may cramp and spasm. After eating, I have bloating and gas, which makes me quite uncomfortable."
peptic ulcer disease,"My bowel motions have changed; they've been constipated and diarrhoeal. I lack energy, appetite, and frequently feel really exhausted."
peptic ulcer disease,"I have stomach ache, and bending over or lying down just makes it worse. When I consume certain meals, such as spicy or acidic cuisine, I have discomfort. This sometimes causes me to have loose stools."
peptic ulcer disease,"I have trouble falling or staying asleep because of stomach ache. After using the restroom, I feel drained and lose my appetite. I constantly feel really anxious."
peptic ulcer disease,"My mouth is filled with a sour, acidic flavour. My burping and belching are frequent. For a few hours, I get pressure or fullness in my upper belly."
peptic ulcer disease,I lose weight unintentionally and find it challenging to acquire weight. I use antacids to ease the pain and discomfort I experience. My mouth feels horrible.
peptic ulcer disease,"I occasionally have burning in my upper abdomen throughout the day or at night. I get heartburn, indigestion, and regular episodes of severe nausea."
peptic ulcer disease,"I feel bloated and uneasy at the same time. I've been losing weight, and I no longer like eating. I occasionally get bloody vomit and dark, tarry stools."
peptic ulcer disease,I often feel like food is getting caught in my throat and have problems swallowing. I feel bloated and frequently belch. I constantly have a bitter aftertaste.
peptic ulcer disease,"I've lost a lot of stuff because of my bloody stools, including iron and bloos. Because of this, I now have anaemia and usually feel fairly weak."
peptic ulcer disease,"My appetite and chronic hunger are both ferocious. My stomach may occasionally ache and spasm. I have gas and bloating after eating, which is really painful."
peptic ulcer disease,My bowel movements have become constipated and diarrheal. I often feel quite tired and lack both energy and appetite.
peptic ulcer disease,"Bending down or reclining down only makes my stomach feel more. I have pain after eating some foods, such as hot or acidic food. I occasionally get loose stools as a result of this."
peptic ulcer disease,"Due to a stomach discomfort, I have problems sleeping or staying asleep. I am exhausted after using the bathroom and lose my appetite. I'm quite nervous all the time."
peptic ulcer disease,"A sour, acidic taste is all over my mouth. Belching and burping are common in me. I have pressure or fullness in my upper abdomen for a few hours."
peptic ulcer disease,"I unknowingly lose weight and find it difficult to gain weight. To relieve the pain and discomfort I feel, I take antacids. My mouth hurts so much."
peptic ulcer disease,"On occasion, throughout the day or at night, I have burning in my upper abdomen. I frequently get extreme nauseous episodes, heartburn, and indigestion."
peptic ulcer disease,"I have both bloating and unease. I no longer like eating because I've been losing weight. I sometimes vomit blood and have tarry, black stools."
peptic ulcer disease,I frequently get swallowing issues and the sensation that food is getting stuck in my throat. I regularly belch and feel bloated. My aftertaste is unpleasant all the time.
peptic ulcer disease,"My bloody stools have caused me to lose a lot of things, including iron and bloos. I now have anaemia as a result, and I typically feel rather weak."
peptic ulcer disease,"Both my appetite and ongoing hunger are fierce. There are times when my stomach hurts and cramps. Following a meal, I have very painful gas and bloating."
peptic ulcer disease,Constipated and diarrheal bowel motions have been happening to me. I frequently have a lack of energy and appetite.
peptic ulcer disease,"My stomach only feels worse when I stoop or recline. After eating particular meals, such as spicy or acidic cuisine, I have discomfort. This occasionally causes me to have loose stools."
peptic ulcer disease,"I have a stomach ache that keeps me from falling or staying asleep. After using the restroom, I feel worn out and lose interest in food. I'm constantly pretty anxious."
peptic ulcer disease,"My mouth is filled with an acidic, sour flavour. Burping and belching are frequent in me. For a few hours, my upper abdomen has felt pressured or full."
peptic ulcer disease,I inadvertently lose weight and have a hard time gaining it back. I use antacids to get rid of the pain and discomfort I experience. It aches so much in my mouth.
peptic ulcer disease,"I occasionally have burning in my upper abdomen throughout the day or at night. I regularly get severe heartburn, indigestion, and nausea."
peptic ulcer disease,"I'm feeling both bloated and uneasy. Because I've been losing weight, I no longer like eating. I occasionally get tarry, black stools and blood in my vomit."
peptic ulcer disease,"I regularly have trouble swallowing, and I sometimes feel like food is becoming trapped in my throat. I frequently feel bloated and belch. Every time, I have a bad aftertaste."
peptic ulcer disease,"I've lost a lot of stuff because of my bloody stools, including iron and bloos. As a result, I now have anaemia and generally feel rather weak."
peptic ulcer disease,I have a strong appetite and am constantly hungry. My stomach occasionally aches and cramps. I have really painful gas and bloating after eating.
peptic ulcer disease,I've been experiencing bowel movements that are both constipated and diarrhoeic. I often lack the will to eat and energy.
peptic ulcer disease,"Only when I hunch down or lie down does my stomach hurt more. I have pain after eating certain foods, such as hot or acidic food. I occasionally get loose stools as a result of this."
peptic ulcer disease,I can't get to sleep or remain asleep because I have a stomach pain. I get exhausted after using the bathroom and stop being hungry. I worry a lot of the time.
peptic ulcer disease,"My mouth is filled with a sour, acidic flavour. I have frequent belching and burping. My upper abdomen has felt pressed in or full for the past few hours."
peptic ulcer disease,"I unintentionally lose weight and find it challenging to gain it back. To relieve the pain and discomfort I feel, I take antacids. My mouth hurts so severely right now."
diabetes,I have increased thirst and frequent urination. I often have a dry mouth and throat. Recently I have been having increased hunger and appetite
diabetes,I have blurred vision and it only seems to be getting worse. I feel fatigued and tired all the time. I also feel very dizzy and light headed at times
diabetes,I have a dry mouth and throat. I also have been experiencing an increased appetite and hunger. However I do feel very tired at times
diabetes,I have slow healing of wounds and cuts. I have this tingling sensation in my hand and numbness in both my hands and feet
diabetes,I have mood changes and have difficulty concentrating. My mind feels hazy and foggy at times and it gets difficult to do even regular chores
diabetes,I have a feeling of tremors and muscle twitching. I have decreased sense of smell or taste and I feel fatigued. Sometimes I have a feeling of rapid hearbeat or palipatations
diabetes,I have rashes and skin irritations especially in the folds of the skin. There is also very slow healing of any cuts and bruises I have on my skin
diabetes,I have a frequent need to urinate and often have these uncontrollable urges. I feel dizzy and often confused. I have also been loss of visuals
diabetes,I have difficulty breathing especially during physical activity. I have unusual sweating and flushing. I frequently get yeast infections
diabetes,I have persistent dry cough. My infections dont seem to be healing and I have palpitations. I also have this problem of sore throat that does seem to go away
diabetes,"I'm drinking more water and urinating more frequently. My throat and mouth are frequently dry. Recently, my appetite and hunger have both grown."
diabetes,"My vision is foggy, and it seems to be growing worse. I'm constantly feeling worn out and exhausted. Additionally, I occasionally have severe lightheadedness and dizziness."
diabetes,My throat and mouth are dry. I've also been feeling more hungry and more hungry. But sometimes I do feel quite exhausted.
diabetes,I have a sluggish wound and reduced healing rate. My hands and feet are both numb and have this tingling sensation.
diabetes,"I struggle to focus and have emotional swings. At times, my head seems cloudy and foggy, making it challenging for me to do even simple tasks."
diabetes,I feel my muscles trembling and shaking. I feel worn out and my senses of taste and smell have diminished. Sometimes I have palpitations or a quick heartbeat.
diabetes,"I experience skin irritations and rashes, especially in my skin's creases. Any wounds and bruises I have on my skin also heal quite slowly."
diabetes,I frequently feel the want to urinate and frequently have these strong cravings. I frequently feel woozy and bewildered. I've also had sight loss.
diabetes,"I have trouble breathing, especially when exercising. I'm flushed and sweating in an unexpected way. I have yeast infections a lot."
diabetes,"I have a chronic dry cough. I have palpitations and my infections don't appear to be getting better. I also have a painful throat issue, although it does seem to go away."
diabetes,Both my water intake and frequency of urination have increased. My mouth and throat regularly feel dry. My appetite and hunger have both increased recently.
diabetes,"I have blurry vision, and it seems to be getting worse. I'm continuously fatigued and worn out. I also occasionally have acute lightheadedness and vertigo."
diabetes,"My mouth and throat are dry. Additionally, I've been growing increasingly hungry. But on occasion, I do feel rather worn out."
diabetes,My wound is healing slowly and at a slower rate. My hands and feet are numb and tingling at the same time.
diabetes,"I have trouble focusing, and my emotions fluctuate. My brain might seem murky and foggy at times, making it difficult for me to complete even straightforward chores."
diabetes,"My body is shaking and trembling. My senses of taste and smell have gotten weaker, and I feel exhausted. I occasionally have palpitations or a rapid pulse."
diabetes,"I have rashes and skin irritations, especially in the crevices of my skin. My skin bruises and cuts also take a long time to heal."
diabetes,I often feel the want to urinate and experience these intense desires. I often feel dizzy and confused. I also lost my sight.
diabetes,"I have respiratory issues, especially when doing out. Unexpectedly, I'm sweating and flushed. I frequently have yeast infections and urinary tract infections"
diabetes,"I constantly have a dry cough. My infections don't seem to be healing, and I have palpitations. My throat hurts occasionally, but it does appear to get better."
diabetes,"I've been drinking more water and urinating more frequently. My throat and mouth frequently feel dry. Recently, both my hunger and appetite have grown."
diabetes,"My vision is foggy, and it appears to be growing worse. I feel exhausted and worn out all the time. I also have severe dizziness and lightheadedness on occasion."
diabetes,"My throat and mouth are dry. I've also been getting hungry more and more. I do, however, occasionally feel rather exhausted."
diabetes,My wound is recovering more slowly now. Both my hands and feet are tingling and going numb. I feel very weak
diabetes,"My emotions change, and I have difficulties focusing. At times, my mind might be cloudy and hazy, making it challenging for me to do even simple tasks."
diabetes,"My entire body is trembling and shaky. I've lost my ability to taste and smell, and I'm worn out. I sometimes get a racing heart or palpitations."
diabetes,"I get skin irritations and rashes, especially in my skin's crevices. Cuts and bruises on my skin also take a while to heal."
diabetes,"I frequently feel the want to urinate and have these strong cravings. I get woozy and disoriented a lot. Moreover, I have lost my vision considerably"
diabetes,"I have breathing problems, especially when I'm outside. I'm suddenly flushed and perspiring. I experience yeast infections and urinary tract infections rather regularly."
diabetes,"I have a dry cough that never stops. I have palpitations and my infections don't appear to be getting better. Sometimes my throat hurts, but it seems to get better."
diabetes,Both my water intake and frequency of urination have increased. My mouth and throat feel dry a lot. My hunger and appetite have both increased recently.
diabetes,"My vision is blurry, and it feels like it's getting worse. All the time, I feel worn out and fatigued. I occasionally have extreme lightheadedness and vertigo as well."
diabetes,"My mouth and throat are dry. Additionally, I've been growing increasingly hungry. However, I do get periodic bouts of exhaustion."
diabetes,My wound is healing more slowly these days. My feet and hands are tingling and becoming numb. I feel really fragile.
diabetes,"My emotions fluctuate, and it's hard for me to concentrate. My mind can be foggy and foggy at times, making it difficult for me to perform even simple chores."
diabetes,"I'm shaking and trembling all over. I've lost my sense of taste and smell, and I'm exhausted. I occasionally get palpitations or a speeding heart."
diabetes,"Particularly in the crevices of my skin, I have skin rashes and irritations. My skin bruises and cuts take a while to heal as well."
diabetes,I regularly experience these intense urges and the want to urinate. I frequently feel drowsy and lost. I've also significantly lost my vision.
diabetes,"I have trouble breathing, especially outside. I start to feel hot and start to sweat. I frequently have urinary tract infections and yeast infections."
diabetes,"I constantly sneeze and have a dry cough. My infections don't seem to be healing, and I have palpitations. My throat does ache occasionally, but it usually gets better."
